205,nahmias2007_v1,3D3VGR7TA0GRELS9ZAKF56PQ8553RF,30,english,american,usa,,,,,
205,nahmias2007_v1,3D3VGR7TA0GRELS9ZAKF56PQ8553RF,NA,,,,Male,No,College or university degree,No, I have never taken any philosophy course
245,nahmias2007_v1,3DR23U6WE5F74YLYSJ66OCU5NFSETU,32,English,American,United States,,,,,
245,nahmias2007_v1,3DR23U6WE5F74YLYSJ66OCU5NFSETU,NA,,,,Male,Yes,College or university degree,Yes,I have taken 1 or 2 philosophy courses
236,nahmias2007_v1,3EF8EXOTT1WE6UVH41XNFMO204XJ1B,24,English,American,USA,,,,,
88,nahmias2007_v1,3VP0C6EFSGXZEO2ZD4MWQA70C986M0,55,English,USA,USA,,,,,
236,nahmias2007_v1,3EF8EXOTT1WE6UVH41XNFMO204XJ1B,NA,,,,Male,No,College or university degree,No, I have never taken any philosophy course
88,nahmias2007_v1,3VP0C6EFSGXZEO2ZD4MWQA70C986M0,NA,,,,Male,No,College or university degree,No, I have never taken any philosophy course
141,nahmias2007_v1,31Q0U3WYDPGLMZUF3S8QCWJT99X17M,25,English,American,United States,,,,,
223,nahmias2007_v1,30ZX6P7VF8WLVFDDN5X1K5Y7SABJ2S,50,English,Caucasian,USA,,,,,
141,nahmias2007_v1,31Q0U3WYDPGLMZUF3S8QCWJT99X17M,NA,,,,Female,No,College or university degree,No, I have never taken any philosophy course
223,nahmias2007_v1,30ZX6P7VF8WLVFDDN5X1K5Y7SABJ2S,NA,,,,Female,No,College or university degree,Yes,I have taken 1 or 2 philosophy courses
37,nahmias2007_v1,3G5W44VEU7J6LTR245I2NOSLHIGGK7,40,English,White,Usa,,,,,
37,nahmias2007_v1,3G5W44VEU7J6LTR245I2NOSLHIGGK7,NA,,,,Female,No,High school,No, I have never taken any philosophy course
8,nahmias2007_v1,33C7UALJVLZPMDZYDX0WQWFOKT3189,33,English,American,United States,,,,,
127,nahmias2007_v1,3DZQRBDBSLG3F0SMEZKKVGUMU7O3S3,34,English,White,United States of America,,,,,
119,nahmias2007_v1,3PMBY0YE2749NLS6YMVU7OTQ8WCC9Z,29,English,American,United States,,,,,
57,nahmias2007_v1,3IXEICO792K3RJSJM1N8CO2S6H46T1,29,English,Norwegian/Welsh,United States,,,,,
127,nahmias2007_v1,3DZQRBDBSLG3F0SMEZKKVGUMU7O3S3,NA,,,,Female,No,Some college or university,No, I have never taken any philosophy course
119,nahmias2007_v1,3PMBY0YE2749NLS6YMVU7OTQ8WCC9Z,NA,,,,Male,No,Some college or university,No, I have never taken any philosophy course
57,nahmias2007_v1,3IXEICO792K3RJSJM1N8CO2S6H46T1,NA,,,,Female,Yes,College or university degree,Yes,I have taken 1 or 2 philosophy courses
5,nahmias2007_v1,3M81GAB8A0KW5FHM1OALIZDX0BGBQD,35,english,white,USA,,,,,
5,nahmias2007_v1,3M81GAB8A0KW5FHM1OALIZDX0BGBQD,NA,,,,Female,No,High school,No, I have never taken any philosophy course
102,nahmias2007_v1,31HQ4X3T3SBKV4IBK5OKR2O3UTFLSZ,34,English,US,US,,,,,
102,nahmias2007_v1,31HQ4X3T3SBKV4IBK5OKR2O3UTFLSZ,NA,,,,Male,No,"Graduate degree, Masters",Yes,I have taken 1 or 2 philosophy courses
225,nahmias2007_v1,3YMU66OBIN9FJ3QUYKF5AWCTP1CGH3,30,English,US,US,,,,,
179,nahmias2007_v1,3JMSRU9HQIVMHQPNXE6LPUIQK08EVA,62,English,American,United States,,,,,
225,nahmias2007_v1,3YMU66OBIN9FJ3QUYKF5AWCTP1CGH3,NA,,,,Male,No,"Graduate degree, Masters",Yes,I have taken 1 or 2 philosophy courses
179,nahmias2007_v1,3JMSRU9HQIVMHQPNXE6LPUIQK08EVA,NA,,,,Male,No,Some college or university,No, I have never taken any philosophy course
9,nahmias2007_v1,3ERMJ6L4DYTIIOG4WEROWO7W7KSM7F,24,English,American,US,,,,,
9,nahmias2007_v1,3ERMJ6L4DYTIIOG4WEROWO7W7KSM7F,NA,,,,Female,No,College or university degree,No, I have never taken any philosophy course
131,nahmias2007_v1,35DR22AR5DLBBHEL89Q7UOBE9MQ3XB,30,English,United States,United States,,,,,
15,nahmias2007_v1,3HRMW88U16R40DGKBF6FH9X9Z6MM0F,28,english,american,USA,,,,,
15,nahmias2007_v1,3HRMW88U16R40DGKBF6FH9X9Z6MM0F,NA,,,,Female,No,High school,No, I have never taken any philosophy course
131,nahmias2007_v1,35DR22AR5DLBBHEL89Q7UOBE9MQ3XB,NA,,,,Male,No,Some college or university,Yes,"I have taken more than 2 philosophy courses, but philosophy is (or was) not the discipline I was (am) trained in"
156,nahmias2007_v1,3Z9WI9EOZZPKLPMDOB0K8O4MWITHK7,55,english,american,USA,,,,,
156,nahmias2007_v1,3Z9WI9EOZZPKLPMDOB0K8O4MWITHK7,NA,,,,Female,No,College or university degree,No, I have never taken any philosophy course
185,nahmias2007_v1,3ZAZR5XV01JOTCAJ2KPTKCVJNZ1ZC2,30,English,American,USA,,,,,
185,nahmias2007_v1,3ZAZR5XV01JOTCAJ2KPTKCVJNZ1ZC2,NA,,,,Male,No,"Graduate degree, Masters",Yes,I have taken 1 or 2 philosophy courses
132,nahmias2007_v1,3C2NJ6JBKAIHE54Y23PTDCFO1UGN20,45,English,American,United States,,,,,
132,nahmias2007_v1,3C2NJ6JBKAIHE54Y23PTDCFO1UGN20,NA,,,,Female,No,"Graduate degree, Masters",No, I have never taken any philosophy course
121,nahmias2007_v1,3AMYWKA6YBNNERNBQK19IEW579N6OF,47,english,american,usa,,,,,
121,nahmias2007_v1,3AMYWKA6YBNNERNBQK19IEW579N6OF,NA,,,,Male,No,College or university degree,Yes,"I have taken more than 2 philosophy courses, but philosophy is (or was) not the discipline I was (am) trained in"
172,nahmias2007_v1,35USIKEBNRH5W6NZP51W3PW0HZI6N0,38,English,American,United States of America,,,,,
172,nahmias2007_v1,35USIKEBNRH5W6NZP51W3PW0HZI6N0,NA,,,,Male,No,"Graduate degree, Masters",Yes,"I have taken more than 2 philosophy courses, but philosophy is (or was) not the discipline I was (am) trained in"
100,nahmias2007_v1,3H8DHMCCW9C399HB2FHUH3PO4Q0KD1,22,english,american,america,,,,,
125,nahmias2007_v1,39GHHAVOMFSVYTS0RJGPDKV5CO7J4O,26,english,USA,USA,,,,,
125,nahmias2007_v1,39GHHAVOMFSVYTS0RJGPDKV5CO7J4O,NA,,,,Female,No,College or university degree,No, I have never taken any philosophy course
100,nahmias2007_v1,3H8DHMCCW9C399HB2FHUH3PO4Q0KD1,NA,,,,Male,No,High school,No, I have never taken any philosophy course
152,nahmias2007_v1,3PMBY0YE2749NLS6YMVU7OTQ8WC9CW,30,English,American,USA,,,,,
152,nahmias2007_v1,3PMBY0YE2749NLS6YMVU7OTQ8WC9CW,NA,,,,Female,No,Some college or university,Yes,"I have taken more than 2 philosophy courses, but philosophy is (or was) not the discipline I was (am) trained in"
44,nahmias2007_v1,3HRMW88U16R40DGKBF6FH9X9ZB10MI,33,English,USA,USA,,,,,
44,nahmias2007_v1,3HRMW88U16R40DGKBF6FH9X9ZB10MI,NA,,,,Male,No,College or university degree,No, I have never taken any philosophy course
192,nahmias2007_v1,3ATTHHXXWAPQ1KW4TCXUYUD3S92IXF,21,English,American,USA,,,,,
192,nahmias2007_v1,3ATTHHXXWAPQ1KW4TCXUYUD3S92IXF,NA,,,,Female,No,High school,No, I have never taken any philosophy course
3,nahmias2007_v1,3RXPCZQMQPC4FS5GWVCKI9WM8HVG1T,45,English,American,USA,,,,,
3,nahmias2007_v1,3RXPCZQMQPC4FS5GWVCKI9WM8HVG1T,NA,,,,Male,No,High school,No, I have never taken any philosophy course
13,nahmias2007_v1,3B2X28YI3WG3VXY2MFWNCUW60FJB65,29,English,US Citizen,United States,,,,,
66,nahmias2007_v1,3H7Z272LX78NIC2JSOKQWXJS7ENLP8,32,English,White,USA,,,,,
13,nahmias2007_v1,3B2X28YI3WG3VXY2MFWNCUW60FJB65,NA,,,,Male,No,College or university degree,Yes,I have taken 1 or 2 philosophy courses
66,nahmias2007_v1,3H7Z272LX78NIC2JSOKQWXJS7ENLP8,NA,,,,Female,No,"Graduate degree, Masters",No, I have never taken any philosophy course
105,nahmias2007_v1,36H9ULYP62V5W9PPB0C84OSW1JVJF1,30,English,USA,USA,,,,,
248,nahmias2007_v1,3MTMREQS4VJW628G7J9VFDBD6ZRAWA,23,English,United States,United States,,,,,
175,nahmias2007_v1,3NVC2EB65Q00BM4VD5C9D2INBXZ3Y6,37,english,american,USA,,,,,
80,nahmias2007_v1,3PIWWX1FJJ7L1BBLUQ3TJMKOUQCJJ4,32,english,american,usa,,,,,
247,nahmias2007_v1,3EFVCAY5L3AWHUF23M62UWBAEFIJ8K,55,english,american,united states,,,,,
90,nahmias2007_v1,33JKGHPFYCV7L98RCL8DSLTM74CNMG,34,English,American,USA,,,,,
175,nahmias2007_v1,3NVC2EB65Q00BM4VD5C9D2INBXZ3Y6,NA,,,,Female,No,College or university degree,Yes,I have taken 1 or 2 philosophy courses
105,nahmias2007_v1,36H9ULYP62V5W9PPB0C84OSW1JVJF1,NA,,,,Female,No,College or university degree,No, I have never taken any philosophy course
80,nahmias2007_v1,3PIWWX1FJJ7L1BBLUQ3TJMKOUQCJJ4,NA,,,,Male,No,College or university degree,No, I have never taken any philosophy course
248,nahmias2007_v1,3MTMREQS4VJW628G7J9VFDBD6ZRAWA,NA,,,,Male,No,High school,No, I have never taken any philosophy course
90,nahmias2007_v1,33JKGHPFYCV7L98RCL8DSLTM74CNMG,NA,,,,Male,No,"Graduate degree, Masters",Yes,I have taken 1 or 2 philosophy courses
247,nahmias2007_v1,3EFVCAY5L3AWHUF23M62UWBAEFIJ8K,NA,,,,Female,No,College or university degree,No, I have never taken any philosophy course
188,nahmias2007_v1,3IAEQB9FMELU49BSRT0X5EJJR2ODWF,27,English,United States,United States,,,,,
239,nahmias2007_v1,30IQTZXKAK7FUPFOPM8OSQD76FL0X2,23,English,White,United States of America,,,,,
188,nahmias2007_v1,3IAEQB9FMELU49BSRT0X5EJJR2ODWF,NA,,,,Male,No,College or university degree,No, I have never taken any philosophy course
4,nahmias2007_v1,3TE22NPXPBD5VB9FOCTL7I6MUWW447,33,English,USA,USA,,,,,
142,nahmias2007_v1,3HRMW88U16R40DGKBF6FH9X9ZB1M04,45,englsih,us,us,,,,,
239,nahmias2007_v1,30IQTZXKAK7FUPFOPM8OSQD76FL0X2,NA,,,,Male,No,College or university degree,No, I have never taken any philosophy course
187,nahmias2007_v1,3D8YOU6S9ELIRW78M6DIHKOUP0Q6UH,26,english,usa,usa,,,,,
140,nahmias2007_v1,33OOO72IVHMS701KWS0BYOU228UTC5,42,ENGLISH,AMERICAN,USA,,,,,
219,nahmias2007_v1,3U8YCDAGXPHVLSEC38DWYIHE9CY0Q5,34,English,American,United States,,,,,
4,nahmias2007_v1,3TE22NPXPBD5VB9FOCTL7I6MUWW447,NA,,,,Male,No,"Graduate degree, Masters",Yes,I have taken 1 or 2 philosophy courses
142,nahmias2007_v1,3HRMW88U16R40DGKBF6FH9X9ZB1M04,NA,,,,Male,No,Some college or university,Yes,"I have taken more than 2 philosophy courses, but philosophy is (or was) not the discipline I was (am) trained in"
17,nahmias2007_v1,3X3OR7WPZZ12CK3267IFABO2I4NL8O,45,German,Austria,USA,,,,,
219,nahmias2007_v1,3U8YCDAGXPHVLSEC38DWYIHE9CY0Q5,NA,,,,Female,No,College or university degree,No, I have never taken any philosophy course
84,nahmias2007_v1,3OLQQLKKNSQDQVPTGPS2M67WPIGJEJ,40,english,american,united states,,,,,
140,nahmias2007_v1,33OOO72IVHMS701KWS0BYOU228UTC5,NA,,,,Female,No,College or university degree,Yes,I have taken 1 or 2 philosophy courses
228,nahmias2007_v1,3CTOC39K37RSHGAJTHEWGWFF3VCJ7X,31,English,America,USA,,,,,
116,nahmias2007_v1,3UWN2HHPUY6AJ4LWWI4Z4USSZTUNSS,44,english,american,us,,,,,
146,nahmias2007_v1,33FOTY3KEMMRYGPBU9G1SIB7AP31C4,51,english,american,USA,,,,,
29,nahmias2007_v1,3QHK8ZVMIMJLEI199J2P1DE3QA8BLD,37,English,American,USA,,,,,
7,nahmias2007_v1,3WQ3B2KGE8H8OBX5G9K6HY5PS43B17,68,English,USA,USA,,,,,
214,nahmias2007_v1,3KWTYT08704JP2K089BCYREBGEML5M,47,english,American,USA,,,,,
91,nahmias2007_v1,3KJYX6QCM9CUS6BFBFHCMAVIPDJJVP,30,English,USA,USA,,,,,
84,nahmias2007_v1,3OLQQLKKNSQDQVPTGPS2M67WPIGJEJ,NA,,,,Female,No,High school,No, I have never taken any philosophy course
14,nahmias2007_v1,3OONKJ5DKCKTK346MBIHTUIXLFDBOU,63,English,American,USA,,,,,
146,nahmias2007_v1,33FOTY3KEMMRYGPBU9G1SIB7AP31C4,NA,,,,Male,No,High school,No, I have never taken any philosophy course
29,nahmias2007_v1,3QHK8ZVMIMJLEI199J2P1DE3QA8BLD,NA,,,,Female,No,College or university degree,No, I have never taken any philosophy course
116,nahmias2007_v1,3UWN2HHPUY6AJ4LWWI4Z4USSZTUNSS,NA,,,,Female,No,Some college or university,Yes,I have taken 1 or 2 philosophy courses
17,nahmias2007_v1,3X3OR7WPZZ12CK3267IFABO2I4NL8O,NA,,,,Female,No,College or university degree,No, I have never taken any philosophy course
228,nahmias2007_v1,3CTOC39K37RSHGAJTHEWGWFF3VCJ7X,NA,,,,Female,No,College or university degree,Yes,"I have taken more than 2 philosophy courses, but philosophy is (or was) not the discipline I was (am) trained in"
91,nahmias2007_v1,3KJYX6QCM9CUS6BFBFHCMAVIPDJJVP,NA,,,,Male,Yes,College or university degree,Yes,I have taken 1 or 2 philosophy courses
187,nahmias2007_v1,3D8YOU6S9ELIRW78M6DIHKOUP0Q6UH,NA,,,,Female,No,College or university degree,No, I have never taken any philosophy course
214,nahmias2007_v1,3KWTYT08704JP2K089BCYREBGEML5M,NA,,,,Male,No,"Graduate degree, Masters",No, I have never taken any philosophy course
18,nahmias2007_v1,3K2755HG5S4STNPX14QX1QXJWZYDFH,36,english,american,USA,,,,,
55,nahmias2007_v1,38SKSKU7R1YV1QFFFTU6N0IGL0SLIW,41,English,American,United States of America,,,,,
7,nahmias2007_v1,3WQ3B2KGE8H8OBX5G9K6HY5PS43B17,NA,,,,Male,No,Some college or university,Yes,I have taken 1 or 2 philosophy courses
14,nahmias2007_v1,3OONKJ5DKCKTK346MBIHTUIXLFDBOU,NA,,,,Male,No,Some college or university,No, I have never taken any philosophy course
231,nahmias2007_v1,33CKWXB73JL7BDFDECRHBMSG6SC11E,54,English,American,United States of American,,,,,
162,nahmias2007_v1,3P1L2B7AD1Q5XCQIDO7B7XE2X9ROLU,57,English,Caucasian,USA,,,,,
81,nahmias2007_v1,3IRIK4HM3ALM52Q80FSINE2OI0J6C7,54,english,usa,usa,,,,,
177,nahmias2007_v1,3K772S5NP8CHZPU3SPPHATRHCQCEH9,53,English,UK,USA,,,,,
18,nahmias2007_v1,3K2755HG5S4STNPX14QX1QXJWZYDFH,NA,,,,Male,No,College or university degree,No, I have never taken any philosophy course
162,nahmias2007_v1,3P1L2B7AD1Q5XCQIDO7B7XE2X9ROLU,NA,,,,Female,No,High school,No, I have never taken any philosophy course
55,nahmias2007_v1,38SKSKU7R1YV1QFFFTU6N0IGL0SLIW,NA,,,,Female,No,"Graduate degree, Masters",Yes,I have taken 1 or 2 philosophy courses
81,nahmias2007_v1,3IRIK4HM3ALM52Q80FSINE2OI0J6C7,NA,,,,Male,No,"Graduate degree, Masters",No, I have never taken any philosophy course
148,nahmias2007_v1,32Q90QCQ1SM81FVBYASENL7947GKEJ,46,English,Caucasian,United States ,,,,,
231,nahmias2007_v1,33CKWXB73JL7BDFDECRHBMSG6SC11E,NA,,,,Female,No,College or university degree,No, I have never taken any philosophy course
177,nahmias2007_v1,3K772S5NP8CHZPU3SPPHATRHCQCEH9,NA,,,,Male,No,"Graduate degree, Masters",Yes,I have taken 1 or 2 philosophy courses
145,nahmias2007_v1,3W92K5RLWUIML7WUMDDIL0CD7CO5VP,44,english,white,USA,,,,,
73,nahmias2007_v1,3LRLIPTPEQA5B2EZI5QSR2HIJSIKAO,25,english,american,usa,,,,,
19,nahmias2007_v1,3ERMJ6L4DYTIIOG4WEROWO7W7P7M74,45,English,American,United States,,,,,
181,nahmias2007_v1,3H8DHMCCW9C399HB2FHUH3PO4VFDKJ,37,english,american,usa,,,,,
148,nahmias2007_v1,32Q90QCQ1SM81FVBYASENL7947GKEJ,NA,,,,Male,No,Some college or university,Yes,I have taken 1 or 2 philosophy courses
216,nahmias2007_v1,3FTF2T8WLRJI1JYBFDVVJI0T0H9W9H,38,english,american,usa,,,,,
19,nahmias2007_v1,3ERMJ6L4DYTIIOG4WEROWO7W7P7M74,NA,,,,Female,No,Some college or university,No, I have never taken any philosophy course
145,nahmias2007_v1,3W92K5RLWUIML7WUMDDIL0CD7CO5VP,NA,,,,Female,Yes,Some college or university,Yes,I have taken 1 or 2 philosophy courses
73,nahmias2007_v1,3LRLIPTPEQA5B2EZI5QSR2HIJSIKAO,NA,,,,Female,Yes,Some college or university,,I have taken 1 or 2 philosophy courses
158,nahmias2007_v1,3K772S5NP8CHZPU3SPPHATRHCQCHEC,36,English,American/white,USA,,,,,
181,nahmias2007_v1,3H8DHMCCW9C399HB2FHUH3PO4VFDKJ,NA,,,,Male,No,Some college or university,No, I have never taken any philosophy course
158,nahmias2007_v1,3K772S5NP8CHZPU3SPPHATRHCQCHEC,NA,,,,Female,No,High school,No, I have never taken any philosophy course
184,nahmias2007_v1,386PBUZZXFYRW1ZLXBF6Z1XGYFHLJ8,29,English,USA,USA,,,,,
216,nahmias2007_v1,3FTF2T8WLRJI1JYBFDVVJI0T0H9W9H,NA,,,,Female,No,College or university degree,Yes,I have taken 1 or 2 philosophy courses
72,nahmias2007_v1,34FNN24DCMA3P1RZRO02SZG7PTQ5YY,34,english,american,United States,,,,,
130,nahmias2007_v1,3COPXFW7XBDCY6K17O8PHX6DIEIKP4,38,english,Asian,United States of America,,,,,
62,nahmias2007_v1,3TPWUS5F892KZH5ERX5ML81162CWCY,33,English,American,USA,,,,,
72,nahmias2007_v1,34FNN24DCMA3P1RZRO02SZG7PTQ5YY,NA,,,,Female,No,College or university degree,No, I have never taken any philosophy course
184,nahmias2007_v1,386PBUZZXFYRW1ZLXBF6Z1XGYFHLJ8,NA,,,,Male,No,Some college or university,Yes,I have taken 1 or 2 philosophy courses
130,nahmias2007_v1,3COPXFW7XBDCY6K17O8PHX6DIEIKP4,NA,,,,Male,No,Some college or university,No, I have never taken any philosophy course
194,nahmias2007_v1,3FIUS151DV31J7VJEEXNPW0SA6EGGT,37,English,American,United States,,,,,
1,nahmias2007_v1,37TRT2X24QSFJSD96YQCLY1BML3JBJ,61,english,american,usa,,,,,
54,nahmias2007_v1,31Q0U3WYDPGLMZUF3S8QCWJT9EC17B,56,English,black,United State,,,,,
1,nahmias2007_v1,37TRT2X24QSFJSD96YQCLY1BML3JBJ,NA,,,,Male,Yes,College or university degree,Yes,I have taken 1 or 2 philosophy courses
194,nahmias2007_v1,3FIUS151DV31J7VJEEXNPW0SA6EGGT,NA,,,,Male,Yes,High school,No, I have never taken any philosophy course
62,nahmias2007_v1,3TPWUS5F892KZH5ERX5ML81162CWCY,NA,,,,Female,Yes,"Graduate degree, Masters",Yes,I have taken 1 or 2 philosophy courses
6,nahmias2007_v1,3L0KT67Y8EH4V3PA3KDALAQZ3DYYST,27,english,American,USA,,,,,
54,nahmias2007_v1,31Q0U3WYDPGLMZUF3S8QCWJT9EC17B,NA,,,,Female,No,High school,No, I have never taken any philosophy course
137,nahmias2007_v1,3TR2532VIPV9DGWEA794AIFJ8KSJ6Y,23,English,USA,USA,,,,,
137,nahmias2007_v1,3TR2532VIPV9DGWEA794AIFJ8KSJ6Y,NA,,,,Female,No,College or university degree,Yes,"I have taken more than 2 philosophy courses, but philosophy is (or was) not the discipline I was (am) trained in"
6,nahmias2007_v1,3L0KT67Y8EH4V3PA3KDALAQZ3DYYST,NA,,,,Male,No,High school,No, I have never taken any philosophy course
133,nahmias2007_v1,39LNWE0K4UXYKG29O7M7ENEZYRLIUN,31,English,United States,United States,,,,,
58,nahmias2007_v1,3YWRV122CS05VAQWFLAG1YKLVVGU8R,43,english,america,us,,,,,
210,nahmias2007_v1,3SBEHTYCWN4F1PMEY8JWH8KCUFWIYL,62,English,US American,United States,,,,,
249,nahmias2007_v1,3XC1O3LBOSNLA4VQ95TA17KPWH8TLL,26,English,American,USA,,,,,
78,nahmias2007_v1,3SB4CE2TJVWBV2D6HO5HHWPKF1XAX3,32,english,USA,USA,,,,,
58,nahmias2007_v1,3YWRV122CS05VAQWFLAG1YKLVVGU8R,NA,,,,Female,No,College or university degree,Yes,I have taken 1 or 2 philosophy courses
210,nahmias2007_v1,3SBEHTYCWN4F1PMEY8JWH8KCUFWIYL,NA,,,,Female,No,Some college or university,No, I have never taken any philosophy course
133,nahmias2007_v1,39LNWE0K4UXYKG29O7M7ENEZYRLIUN,NA,,,,Female,No,"Graduate degree, Masters",Yes,I have taken 1 or 2 philosophy courses
249,nahmias2007_v1,3XC1O3LBOSNLA4VQ95TA17KPWH8TLL,NA,,,,Female,No,College or university degree,No, I have never taken any philosophy course
78,nahmias2007_v1,3SB4CE2TJVWBV2D6HO5HHWPKF1XAX3,NA,,,,Female,No,College or university degree,No, I have never taken any philosophy course
237,nahmias2007_v1,3VNXK88KKCJ5MUY6P3QZXGHFT889VL,38,English,American,USA,,,,,
169,nahmias2007_v1,3KXIR214I4HVSXUSKYAXE39OAI042B,34,English,American,United States,,,,,
24,nahmias2007_v1,3SEPORI8WN000XDLI6T2EH5VN1VZAP,58,English,American,USA,,,,,
50,nahmias2007_v1,3OJSZ2ATDSXKAHVY4FA2FMWALUI750,49,English,United States,United States,,,,,
16,nahmias2007_v1,3OE22WJIGIPB1EQS1FRGNP5LP12QUY,34,English,Asian,United States,,,,,
237,nahmias2007_v1,3VNXK88KKCJ5MUY6P3QZXGHFT889VL,NA,,,,Female,No,High school,No, I have never taken any philosophy course
169,nahmias2007_v1,3KXIR214I4HVSXUSKYAXE39OAI042B,NA,,,,Male,No,"Graduate degree, Masters",No, I have never taken any philosophy course
173,nahmias2007_v1,323Q6SJS8IH953UZN09NSBCHORRHFU,60,English,United States (White),United States,,,,,
16,nahmias2007_v1,3OE22WJIGIPB1EQS1FRGNP5LP12QUY,NA,,,,Male,No,College or university degree,No, I have never taken any philosophy course
12,nahmias2007_v1,3X87C8JFV6CVM1YOCAWG8ONX44HSQK,30,english,united states,united states,,,,,
24,nahmias2007_v1,3SEPORI8WN000XDLI6T2EH5VN1VZAP,NA,,,,Female,No,"Graduate degree, Masters",Yes,"I have taken more than 2 philosophy courses, but philosophy is (or was) not the discipline I was (am) trained in"
12,nahmias2007_v1,3X87C8JFV6CVM1YOCAWG8ONX44HSQK,NA,,,,Male,Yes,College or university degree,No, I have never taken any philosophy course
50,nahmias2007_v1,3OJSZ2ATDSXKAHVY4FA2FMWALUI750,NA,,,,Male,No,"Graduate degree, Masters",Yes,"I have taken more than 2 philosophy courses, but philosophy is (or was) not the discipline I was (am) trained in"
63,nahmias2007_v1,3TOK3KHVJTJ6IR1G9U61OSW12PMO7L,36,english,American,United States of America,,,,,
97,nahmias2007_v1,3ZAZR5XV01JOTCAJ2KPTKCVJN4GZCR,45,ENGLISH,AMERICAN,USA,,,,,
56,nahmias2007_v1,3ATPCQ38J8B0V73GMKRJ0AWTH7RAY9,61,English,USA,USA,,,,,
38,nahmias2007_v1,3R08VXYT7CWEN0AI0GXB5M9N5RLW75,36,english,american,usa,,,,,
173,nahmias2007_v1,323Q6SJS8IH953UZN09NSBCHORRHFU,NA,,,,Male,No,College or university degree,Yes,I have taken 1 or 2 philosophy courses
63,nahmias2007_v1,3TOK3KHVJTJ6IR1G9U61OSW12PMO7L,NA,,,,Male,No,Some college or university,No, I have never taken any philosophy course
83,nahmias2007_v1,3AUQQEL7U5UNQ0ATP77645GMQ4D0VZ,54,english,american,usa,,,,,
56,nahmias2007_v1,3ATPCQ38J8B0V73GMKRJ0AWTH7RAY9,NA,,,,Female,No,College or university degree,Yes,I have taken 1 or 2 philosophy courses
23,nahmias2007_v1,3VHHR074H3IYC6YJW2Q9WBS77KHL71,40,English,American,USA,,,,,
240,nahmias2007_v1,33PPUNGG386SZEZ2KHFO97U5N5JZRX,30,English,American,United States,,,,,
191,nahmias2007_v1,3P4MQ7TPPXD919FXI6DVNAIYEGVBBR,31,english,usa,usa,,,,,
171,nahmias2007_v1,31UV0MXWNQDHZ1CUN6EZ6BMJZAT5IT,42,english,United States,United States,,,,,
51,nahmias2007_v1,3B837J3LDOXVY2DOPPLGDEX20QJRSK,61,English,American,United States of America,,,,,
157,nahmias2007_v1,3O6CYIULED2GLBMEDOQMFEN7D2JUW6,34,english,us,us,,,,,
38,nahmias2007_v1,3R08VXYT7CWEN0AI0GXB5M9N5RLW75,NA,,,,Female,Yes,Some college or university,No, I have never taken any philosophy course
83,nahmias2007_v1,3AUQQEL7U5UNQ0ATP77645GMQ4D0VZ,NA,,,,Female,No,Some college or university,No, I have never taken any philosophy course
23,nahmias2007_v1,3VHHR074H3IYC6YJW2Q9WBS77KHL71,NA,,,,Male,No,College or university degree,No, I have never taken any philosophy course
171,nahmias2007_v1,31UV0MXWNQDHZ1CUN6EZ6BMJZAT5IT,NA,,,,Female,No,Some college or university,No, I have never taken any philosophy course
191,nahmias2007_v1,3P4MQ7TPPXD919FXI6DVNAIYEGVBBR,NA,,,,Female,No,"Graduate degree, Masters",Yes,I have taken 1 or 2 philosophy courses
138,nahmias2007_v1,3DBQWDE4Y6Z9D2NLKMRRBJI0L9N5N9,49,English,American,USA,,,,,
109,nahmias2007_v1,3QAVNHZ3EM5GV8WH352T62UX8SNALH,37,English,American,USA,,,,,
240,nahmias2007_v1,33PPUNGG386SZEZ2KHFO97U5N5JZRX,NA,,,,Male,No,Some college or university,No, I have never taken any philosophy course
51,nahmias2007_v1,3B837J3LDOXVY2DOPPLGDEX20QJRSK,NA,,,,Female,No,College or university degree,No, I have never taken any philosophy course
157,nahmias2007_v1,3O6CYIULED2GLBMEDOQMFEN7D2JUW6,NA,,,,Female,Yes,"Graduate degree, Masters",No, I have never taken any philosophy course
161,nahmias2007_v1,3C6FJU71TQUKAGHESP8A0B8NOAJYU9,40,English,American,USA,,,,,
138,nahmias2007_v1,3DBQWDE4Y6Z9D2NLKMRRBJI0L9N5N9,NA,,,,Male,No,College or university degree,Yes,I have taken 1 or 2 philosophy courses
20,nahmias2007_v1,3XIQGXAUMC9TC0F8ALTX75NUETRX7Z,39,English,American,United States,,,,,
97,nahmias2007_v1,3ZAZR5XV01JOTCAJ2KPTKCVJN4GZCR,NA,,,,Female,No,College or university degree,Yes,I have taken 1 or 2 philosophy courses
161,nahmias2007_v1,3C6FJU71TQUKAGHESP8A0B8NOAJYU9,NA,,,,Female,No,College or university degree,No, I have never taken any philosophy course
109,nahmias2007_v1,3QAVNHZ3EM5GV8WH352T62UX8SNALH,NA,,,,Female,No,High school,No, I have never taken any philosophy course
20,nahmias2007_v1,3XIQGXAUMC9TC0F8ALTX75NUETRX7Z,NA,,,,Male,No,Some college or university,No, I have never taken any philosophy course
89,nahmias2007_v1,308XBLVESI5WHGWME3ZLNPN2W2XBR3,33,english,american,usa,,,,,
99,nahmias2007_v1,3RWE2M8QWHBAIV1KNGLFUOM941BN05,25,ENGLISH,AMERICAN,USA,,,,,
89,nahmias2007_v1,308XBLVESI5WHGWME3ZLNPN2W2XBR3,NA,,,,Male,No,High school,No, I have never taken any philosophy course
218,nahmias2007_v1,3DIP6YHAPCTO6ETAPLVBXGYI97N8EP,39,english,,usa,,,,,
190,nahmias2007_v1,3TVRFO09GKGSRL4AEFU7QA5V9DWXL8,31,english,us,us,,,,,
99,nahmias2007_v1,3RWE2M8QWHBAIV1KNGLFUOM941BN05,NA,,,,Male,No,High school,No, I have a PhD in philosophy
190,nahmias2007_v1,3TVRFO09GKGSRL4AEFU7QA5V9DWXL8,NA,,,,Female,Yes,Some college or university,Yes,I have taken 1 or 2 philosophy courses
218,nahmias2007_v1,3DIP6YHAPCTO6ETAPLVBXGYI97N8EP,NA,,,,Female,No,"Graduate degree, Masters",Yes,"I have taken more than 2 philosophy courses, but philosophy is (or was) not the discipline I was (am) trained in"
160,nahmias2007_v1,3M0NZ3JDP1Z3UR14NA2L66P9VNV5ZQ,45,english,american,United States of America,,,,,
94,nahmias2007_v1,37Q970SNZE975XE7RV617NFPWSQ1SZ,47,ENGLISH,AMERICAN,USA,,,,,
160,nahmias2007_v1,3M0NZ3JDP1Z3UR14NA2L66P9VNV5ZQ,NA,,,,Female,No,College or university degree,Yes,I have taken 1 or 2 philosophy courses
98,nahmias2007_v1,3TUI152ZZBOVSHZUZRHWCN0OE44Q1Y,59,English,American,USA,,,,,
94,nahmias2007_v1,37Q970SNZE975XE7RV617NFPWSQ1SZ,NA,,,,Female,No,College or university degree,No, I have never taken any philosophy course
42,nahmias2007_v1,3WMINLGALB4NS42BQS9U3J4AEJACA4,32,English,USA,USA,,,,,
32,nahmias2007_v1,3NJM2BJS4W7UF88DFBRRTET5D5ACPK,36,English,American,United States,,,,,
65,nahmias2007_v1,33FOTY3KEMMRYGPBU9G1SIB7AP3C1F,32,English,Hispanic,USA,,,,,
42,nahmias2007_v1,3WMINLGALB4NS42BQS9U3J4AEJACA4,NA,,,,Female,No,College or university degree,No, I have never taken any philosophy course
65,nahmias2007_v1,33FOTY3KEMMRYGPBU9G1SIB7AP3C1F,NA,,,,Female,No,High school,No, I have never taken any philosophy course
32,nahmias2007_v1,3NJM2BJS4W7UF88DFBRRTET5D5ACPK,NA,,,,Female,No,College or university degree,No, I have never taken any philosophy course
98,nahmias2007_v1,3TUI152ZZBOVSHZUZRHWCN0OE44Q1Y,NA,,,,Female,No,Some college or university,Yes,I have taken 1 or 2 philosophy courses
134,nahmias2007_v1,3UN61F00HWQUS0FDDT88K3NAM6C5RX,33,english,American,USA,,,,,
168,nahmias2007_v1,3MX2NQ3YC9VEPW1PMSE09L9YNNW5XS,31,English,American,USA,,,,,
52,nahmias2007_v1,3HOSI13XHZPVV3B1AYV7DQUYKMIDD6,31,English,American,USA,,,,,
168,nahmias2007_v1,3MX2NQ3YC9VEPW1PMSE09L9YNNW5XS,NA,,,,Female,No,College or university degree,No, I have never taken any philosophy course
143,nahmias2007_v1,3M0BCWMB8VX1PCD8DX9RAOVJOHCBW6,23,English,American,USA,,,,,
134,nahmias2007_v1,3UN61F00HWQUS0FDDT88K3NAM6C5RX,NA,,,,Female,No,College or university degree,No, I have never taken any philosophy course
52,nahmias2007_v1,3HOSI13XHZPVV3B1AYV7DQUYKMIDD6,NA,,,,Male,No,Some college or university,Yes,I have taken 1 or 2 philosophy courses
143,nahmias2007_v1,3M0BCWMB8VX1PCD8DX9RAOVJOHCBW6,NA,,,,Male,Yes,College or university degree,Yes,"I have taken more than 2 philosophy courses, but philosophy is (or was) not the discipline I was (am) trained in"
93,nahmias2007_v1,336YQZE83VF3VK2L8LCRY4T0GJC5M8,33,english,us,us,,,,,
93,nahmias2007_v1,336YQZE83VF3VK2L8LCRY4T0GJC5M8,NA,,,,Male,No,College or university degree,No, I have never taken any philosophy course
233,nahmias2007_v1,3R6P78PK7KC5OCHPYEWUOFFH00NTGG,24,English,Irish,USA,,,,,
41,nahmias2007_v1,3EWIJTFFVO86OPO7UHIW41S0Q9B0EU,54,English,USA,USA,,,,,
222,nahmias2007_v1,3A1COHJ8NJW0QOKCFM3HIJVV1NEH8D,26,English,American,United States of America,,,,,
120,nahmias2007_v1,358010RM5EUVNQG4SJWDDJ3X0BYXVR,64,English,American,USA,,,,,
124,nahmias2007_v1,3K5TEWLKGVCYXVR9TXWCA9GICYUIVC,34,English,American,USA,,,,,
233,nahmias2007_v1,3R6P78PK7KC5OCHPYEWUOFFH00NTGG,NA,,,,Male,No,College or university degree,Yes,I have taken 1 or 2 philosophy courses
41,nahmias2007_v1,3EWIJTFFVO86OPO7UHIW41S0Q9B0EU,NA,,,,Male,No,Some college or university,No, I have never taken any philosophy course
124,nahmias2007_v1,3K5TEWLKGVCYXVR9TXWCA9GICYUIVC,NA,,,,Male,No,College or university degree,Yes,I have taken 1 or 2 philosophy courses
45,nahmias2007_v1,3X66WABAJWJ0PVJVJZQ362BJ61AG3M,61,English,USA,USA,,,,,
120,nahmias2007_v1,358010RM5EUVNQG4SJWDDJ3X0BYXVR,NA,,,,Female,No,College or university degree,Yes,I have taken 1 or 2 philosophy courses
193,nahmias2007_v1,3JNQLM5FT4NRQ51DQQ9E0KBZW4WL2M,58,english,usa,usa,,,,,
222,nahmias2007_v1,3A1COHJ8NJW0QOKCFM3HIJVV1NEH8D,NA,,,,Male,No,College or university degree,Yes,I have taken 1 or 2 philosophy courses
176,nahmias2007_v1,3RXCAC0YIRQMQSP1VGLZXJJUMN1G8D,56,english,USA,USA,,,,,
229,nahmias2007_v1,3PQMUDRV7R7TBP79UQXTVKQO4WZIIG,32,english,american,United States,,,,,
45,nahmias2007_v1,3X66WABAJWJ0PVJVJZQ362BJ61AG3M,NA,,,,Male,No,Some college or university,No, I have never taken any philosophy course
74,nahmias2007_v1,3WS1NTTKEYDYU3O3PS22MJD02AQ0FC,50,english,american,united states,,,,,
163,nahmias2007_v1,3OVHNO1VE62YY4GX2GK44ID184SZDR,40,English,United States,United States,,,,,
25,nahmias2007_v1,3RWE2M8QWHBAIV1KNGLFUOM941C0NJ,63,english,US,USA,,,,,
176,nahmias2007_v1,3RXCAC0YIRQMQSP1VGLZXJJUMN1G8D,NA,,,,Male,No,College or university degree,No, I have never taken any philosophy course
193,nahmias2007_v1,3JNQLM5FT4NRQ51DQQ9E0KBZW4WL2M,NA,,,,Female,No,College or university degree,Yes,I have taken 1 or 2 philosophy courses
229,nahmias2007_v1,3PQMUDRV7R7TBP79UQXTVKQO4WZIIG,NA,,,,Male,No,College or university degree,Yes,I have taken 1 or 2 philosophy courses
163,nahmias2007_v1,3OVHNO1VE62YY4GX2GK44ID184SZDR,NA,,,,Male,No,College or university degree,Yes,I have taken 1 or 2 philosophy courses
25,nahmias2007_v1,3RWE2M8QWHBAIV1KNGLFUOM941C0NJ,NA,,,,Male,No,"Graduate degree, Masters",No, I have never taken any philosophy course
74,nahmias2007_v1,3WS1NTTKEYDYU3O3PS22MJD02AQ0FC,NA,,,,Female,No,College or university degree,No, I have never taken any philosophy course
2,nahmias2007_v1,3AWETUDC92TF6FWJUULFVFTE091IZD,58,ENGLISH,AMERICAN,USA,,,,,
251,nahmias2007_v1,3R0T90IZ1SDO2VFECS14Z5FDCEMGCJ,27,english,puertorican,usa,,,,,
217,nahmias2007_v1,3E337GFOL997TZC51IAIFG9PBI1GN2,51,English,white,USA,,,,,
2,nahmias2007_v1,3AWETUDC92TF6FWJUULFVFTE091IZD,NA,,,,Male,No,High school,Yes,I have taken 1 or 2 philosophy courses
243,nahmias2007_v1,34Z02EIMISE8D864KC7R3NS1TJX0TJ,28,English,USA,USA,,,,,
243,nahmias2007_v1,34Z02EIMISE8D864KC7R3NS1TJX0TJ,NA,,,,Male,No,High school,No, I have never taken any philosophy course
217,nahmias2007_v1,3E337GFOL997TZC51IAIFG9PBI1GN2,NA,,,,Female,No,High school,No, I have never taken any philosophy course
251,nahmias2007_v1,3R0T90IZ1SDO2VFECS14Z5FDCEMGCJ,NA,,,,Male,No,College or university degree,, I have never taken any philosophy course
215,nahmias2007_v1,3VFJCI1K4Z0S8X4XUPRZO0EZCFQRG1,35,English,United States,United States,,,,,
215,nahmias2007_v1,3VFJCI1K4Z0S8X4XUPRZO0EZCFQRG1,NA,,,,Male,No,"Graduate degree, Masters",No, I have never taken any philosophy course
202,nahmias2007_v1,3QUO65DNQUP8G2DCM2ZCYKALA0LOUP,29,English,American,United States,,,,,
202,nahmias2007_v1,3QUO65DNQUP8G2DCM2ZCYKALA0LOUP,NA,,,,Female,No,College or university degree,Yes,I have taken 1 or 2 philosophy courses
79,nahmias2007_v1,3K772S5NP8CHZPU3SPPHATRHCQDEHA,28,English,American,United States,,,,,
242,nahmias2007_v1,36NEMU28XFEX83H54MZ0O46D0GHWMH,43,English,Caucasian,USA,,,,,
106,nahmias2007_v1,3RANCT1ZVFIOX8O3IXUQS0AM312BU8,24,English,American,United States,,,,,
211,nahmias2007_v1,38F71OA9GTXVXHVAEXP0KGKD5DRMF9,34,English,American,United States,,,,,
117,nahmias2007_v1,3YT88D1N08Z5RHFE9QBI4U3CDIR3KC,27,English,American,United States,,,,,
111,nahmias2007_v1,3FQ5JJ512LPCVL8OR9VXD81IIZIKN9,57,swedish,swedish,USA,,,,,
211,nahmias2007_v1,38F71OA9GTXVXHVAEXP0KGKD5DRMF9,NA,,,,Female,No,Some college or university,No, I have never taken any philosophy course
213,nahmias2007_v1,3G5F9DBFOPYY10GPNFERAXF3CLFHVI,51,english,american,usa,,,,,
79,nahmias2007_v1,3K772S5NP8CHZPU3SPPHATRHCQDEHA,NA,,,,Female,No,High school,No, I have never taken any philosophy course
212,nahmias2007_v1,3X4MXAO0BGPO5JUX9UVHA30N63FWR4,28,English,American,USA,,,,,
117,nahmias2007_v1,3YT88D1N08Z5RHFE9QBI4U3CDIR3KC,NA,,,,Female,No,Some college or university,No, I have never taken any philosophy course
242,nahmias2007_v1,36NEMU28XFEX83H54MZ0O46D0GHWMH,NA,,,,Female,Yes,College or university degree,Yes,I have taken 1 or 2 philosophy courses
106,nahmias2007_v1,3RANCT1ZVFIOX8O3IXUQS0AM312BU8,NA,,,,Male,No,Some college or university,No, I have never taken any philosophy course
212,nahmias2007_v1,3X4MXAO0BGPO5JUX9UVHA30N63FWR4,NA,,,,Male,Yes,College or university degree,No, I have never taken any philosophy course
170,nahmias2007_v1,3EA3QWIZ4IWJK3NKO2WX9RSXFDFITX,45,English,U.S. Citizen,United States,,,,,
111,nahmias2007_v1,3FQ5JJ512LPCVL8OR9VXD81IIZIKN9,NA,,,,Male,No,High school,No, I have never taken any philosophy course
147,nahmias2007_v1,30BXRYBRP4YBGPGUDPJNWZYHJUIWH8,46,english,american,united states,,,,,
170,nahmias2007_v1,3EA3QWIZ4IWJK3NKO2WX9RSXFDFITX,NA,,,,Male,No,College or university degree,Yes,I have taken 1 or 2 philosophy courses
86,nahmias2007_v1,333U7HK6I9G8YPBTKUHIGOPBP6FDJK,42,English,American,USA,,,,,
213,nahmias2007_v1,3G5F9DBFOPYY10GPNFERAXF3CLFHVI,NA,,,,Male,No,College or university degree,Yes,I have taken 1 or 2 philosophy courses
43,nahmias2007_v1,3PPTZCWALQLSNDK272QO4HK0RJIZQX,42,English,USA,USA,,,,,
96,nahmias2007_v1,3KXIR214I4HVSXUSKYAXE39OAI224B,72,English,American,United States,,,,,
147,nahmias2007_v1,30BXRYBRP4YBGPGUDPJNWZYHJUIWH8,NA,,,,Male,No,Some college or university,No, I have never taken any philosophy course
43,nahmias2007_v1,3PPTZCWALQLSNDK272QO4HK0RJIZQX,NA,,,,Male,No,College or university degree,Yes,I have taken 1 or 2 philosophy courses
165,nahmias2007_v1,3QUO65DNQUP8G2DCM2ZCYKALA0LUOV,47,English,American,USA,,,,,
108,nahmias2007_v1,38F5OAUN5NDWQAFT5HBB4JZ0Q3A7HI,43,english,american ,USA,,,,,
96,nahmias2007_v1,3KXIR214I4HVSXUSKYAXE39OAI224B,NA,,,,Female,No,College or university degree,Yes,I have taken 1 or 2 philosophy courses
68,nahmias2007_v1,34X6J5FLPTZ2NYFYPGN2GNWA8L5QJ3,31,english,USA,USA,,,,,
86,nahmias2007_v1,333U7HK6I9G8YPBTKUHIGOPBP6FDJK,NA,,,,Female,Yes,College or university degree,Yes,"I have taken more than 2 philosophy courses, but philosophy is (or was) not the discipline I was (am) trained in"
165,nahmias2007_v1,3QUO65DNQUP8G2DCM2ZCYKALA0LUOV,NA,,,,Female,No,College or university degree,No, I have never taken any philosophy course
68,nahmias2007_v1,34X6J5FLPTZ2NYFYPGN2GNWA8L5QJ3,NA,,,,Female,No,College or university degree,No, I have never taken any philosophy course
108,nahmias2007_v1,38F5OAUN5NDWQAFT5HBB4JZ0Q3A7HI,NA,,,,Male,No,"Graduate degree, Masters",Yes,I have taken 1 or 2 philosophy courses
47,nahmias2007_v1,3YGXWBAF70I8QFMUHRZ3QGIAM9EC4T,56,Urdu,Pakistani,USA,,,,,
10,nahmias2007_v1,3X4JMASXCMA8HMCNKQG63TMFNCZ0BV,46,English,United States,United States,,,,,
31,nahmias2007_v1,31EUONYN2V48TH2CRS9HU6C4O7UVOL,40,English,American,USA,,,,,
48,nahmias2007_v1,34HJIJKLP5X4POSU88U8G86Z7GV4VL,35,English,American,United States,,,,,
31,nahmias2007_v1,31EUONYN2V48TH2CRS9HU6C4O7UVOL,NA,,,,Female,No,Some college or university,Yes,I have taken 1 or 2 philosophy courses
10,nahmias2007_v1,3X4JMASXCMA8HMCNKQG63TMFNCZ0BV,NA,,,,Female,No,College or university degree,No, I have never taken any philosophy course
47,nahmias2007_v1,3YGXWBAF70I8QFMUHRZ3QGIAM9EC4T,NA,,,,Female,No,College or university degree,No, I have never taken any philosophy course
48,nahmias2007_v1,34HJIJKLP5X4POSU88U8G86Z7GV4VL,NA,,,,Female,No,Some college or university,No, I have never taken any philosophy course
76,nahmias2007_v1,39U1BHVTDLS4U0513ZPA5LQ8WVIT38,58,English,USA,USA,,,,,
76,nahmias2007_v1,39U1BHVTDLS4U0513ZPA5LQ8WVIT38,NA,,,,Female,No,PhD,No, I have never taken any philosophy course
150,nahmias2007_v1,3N1FSUEFL51IV7S8HNUEAM0S79RD4V,52,English,USA,USA,,,,,
207,nahmias2007_v1,3SNLUL3WO4O0AHAF9AJK636RFVGULE,35,english,white,united states,,,,,
101,nahmias2007_v1,36H9ULYP62V5W9PPB0C84OSW1JXFJZ,30,eglish,american,united states,,,,,
46,nahmias2007_v1,3J2UYBXQQLD2BAVSOZZYSD0N9BO60G,25,English,American,United States,,,,,
150,nahmias2007_v1,3N1FSUEFL51IV7S8HNUEAM0S79RD4V,NA,,,,Female,No,College or university degree,Yes,"I have taken more than 2 philosophy courses, but philosophy is (or was) not the discipline I was (am) trained in"
250,nahmias2007_v1,39DD6S19JPC3QAUXYBVOA0VM8GUZEL,50,english,American,USA,,,,,
207,nahmias2007_v1,3SNLUL3WO4O0AHAF9AJK636RFVGULE,NA,,,,Female,No,High school,No, I have never taken any philosophy course
101,nahmias2007_v1,36H9ULYP62V5W9PPB0C84OSW1JXFJZ,NA,,,,Male,Yes,Some college or university,No, I have never taken any philosophy course
46,nahmias2007_v1,3J2UYBXQQLD2BAVSOZZYSD0N9BO60G,NA,,,,Female,No,"Graduate degree, Masters",Yes,I have taken 1 or 2 philosophy courses
21,nahmias2007_v1,3U8YCDAGXPHVLSEC38DWYIHE9C00Q7,41,English,American,US,,,,,
250,nahmias2007_v1,39DD6S19JPC3QAUXYBVOA0VM8GUZEL,NA,,,,Male,No,College or university degree,No, I have never taken any philosophy course
135,nahmias2007_v1,3MRNMEIQW57ETFZTNFTVW323TVKLDU,35,english,african american,usa,,,,,
21,nahmias2007_v1,3U8YCDAGXPHVLSEC38DWYIHE9C00Q7,NA,,,,Male,No,College or university degree,No, I have never taken any philosophy course
221,nahmias2007_v1,3PXX5PX6LXZ4IZA5CSDZSZYSWYBBAX,61,English,US,US,,,,,
144,nahmias2007_v1,3LJ7UR74RHERHJJL6H8H6RCMLDSN4M,56,English,American,USA,,,,,
135,nahmias2007_v1,3MRNMEIQW57ETFZTNFTVW323TVKLDU,NA,,,,Female,No,Some college or university,, I have never taken any philosophy course
159,nahmias2007_v1,30H4UDGLT2J7OUK4S0L5WAYH7JEMPC,54,English,American,USA,,,,,
159,nahmias2007_v1,30H4UDGLT2J7OUK4S0L5WAYH7JEMPC,NA,,,,Female,No,Some college or university,No, I have never taken any philosophy course
221,nahmias2007_v1,3PXX5PX6LXZ4IZA5CSDZSZYSWYBBAX,NA,,,,Female,No,College or university degree,Yes,"I have taken more than 2 philosophy courses, but philosophy is (or was) not the discipline I was (am) trained in"
126,nahmias2007_v1,3NPI0JQDAO6B1PAO1XMHIOT91R9PTF,27,english,american ,USA,,,,,
34,nahmias2007_v1,3QJOXOW4XJS3R3VEJM5U2YZDTCDEMK,43,English,United States ,United States,,,,,
144,nahmias2007_v1,3LJ7UR74RHERHJJL6H8H6RCMLDSN4M,NA,,,,Female,No,College or university degree,Yes,I have taken 1 or 2 philosophy courses
126,nahmias2007_v1,3NPI0JQDAO6B1PAO1XMHIOT91R9PTF,NA,,,,Female,Yes,College or university degree,No, I have never taken any philosophy course
34,nahmias2007_v1,3QJOXOW4XJS3R3VEJM5U2YZDTCDEMK,NA,,,,Male,Yes,"Graduate degree, Masters",Yes,I have taken 1 or 2 philosophy courses
123,nahmias2007_v1,3ND9UOO81K3D2LZK4AYLORRO0BSLW5,33,English,USA,USA,,,,,
224,nahmias2007_v1,3MH9DQ757WDKOPWEYJM4TB1JJETGUT,44,english,non hispanic white,usa,,,,,
123,nahmias2007_v1,3ND9UOO81K3D2LZK4AYLORRO0BSLW5,NA,,,,Male,No,PhD,Yes,"I have taken more than 2 philosophy courses, but philosophy is (or was) not the discipline I was (am) trained in"
224,nahmias2007_v1,3MH9DQ757WDKOPWEYJM4TB1JJETGUT,NA,,,,Female,No,Some college or university,No, I have never taken any philosophy course
27,nahmias2007_v1,3UN61F00HWQUS0FDDT88K3NAM6DR5K,48,English,American,The United States of America,,,,,
75,nahmias2007_v1,3K4J6M3CXEU09GIGSE5DTAPPCB3AGD,54,english,usa,usa,,,,,
27,nahmias2007_v1,3UN61F00HWQUS0FDDT88K3NAM6DR5K,NA,,,,Male,No,High school,No, I have never taken any philosophy course
196,nahmias2007_v1,3NXNZ5RS1AY3B4XA75NJR21C7Q297U,62,English,U.S.A.,U.S.A.,,,,,
75,nahmias2007_v1,3K4J6M3CXEU09GIGSE5DTAPPCB3AGD,NA,,,,Female,No,College or university degree,No, I have never taken any philosophy course
118,nahmias2007_v1,304SM51WA358IVWZTSZQDZSYI4IBST,64,English,American,United States of America,,,,,
196,nahmias2007_v1,3NXNZ5RS1AY3B4XA75NJR21C7Q297U,NA,,,,Male,No,"Graduate degree, Masters",Yes,"I have taken more than 2 philosophy courses, but philosophy is (or was) not the discipline I was (am) trained in"
118,nahmias2007_v1,304SM51WA358IVWZTSZQDZSYI4IBST,NA,,,,Female,No,College or university degree,Yes,"Philosophy is the discipline I am trained in, and I have an undergraduate degree in philosophy"
199,nahmias2007_v1,3AMW0RGHOD3D6C5441059PNHC9NNPC,35,English,Caucasian,USA,,,,,
199,nahmias2007_v1,3AMW0RGHOD3D6C5441059PNHC9NNPC,NA,,,,Female,No,College or university degree,No, I have never taken any philosophy course
204,nahmias2007_v1,35L9RVQFCOJYOLRPIP4MEBDKYE7HUU,57,English,American,USA,,,,,
30,nahmias2007_v1,3VJ40NV2QIOTGPYNMX92TOOJRMFTO4,32,english,American,United States of America,,,,,
204,nahmias2007_v1,35L9RVQFCOJYOLRPIP4MEBDKYE7HUU,NA,,,,Female,No,College or university degree,Yes,"I have taken more than 2 philosophy courses, but philosophy is (or was) not the discipline I was (am) trained in"
85,nahmias2007_v1,3LOZAJ85YDEMQZI249C2BE6M3D6X2K,24,English,Caucasian,USA,,,,,
85,nahmias2007_v1,3LOZAJ85YDEMQZI249C2BE6M3D6X2K,NA,,,,Female,No,High school,No, I have never taken any philosophy course
189,nahmias2007_v1,3T111IHZ5ERDTNHPGJLPWJSC82W9RT,41,english,american,united states,,,,,
30,nahmias2007_v1,3VJ40NV2QIOTGPYNMX92TOOJRMFTO4,NA,,,,Male,Yes,Some college or university,Yes,I have taken 1 or 2 philosophy courses
195,nahmias2007_v1,3SKRO2GZ71S9HE1ZMMXZG1OFFYEK12,38,english,american,usa,,,,,
189,nahmias2007_v1,3T111IHZ5ERDTNHPGJLPWJSC82W9RT,NA,,,,Male,No,College or university degree,No, I have never taken any philosophy course
195,nahmias2007_v1,3SKRO2GZ71S9HE1ZMMXZG1OFFYEK12,NA,,,,Male,No,College or university degree,No, I have never taken any philosophy course
87,nahmias2007_v1,3E1QT0TDFPA0MJVWL4L2IVWA10T8IX,36,english,american,usa,,,,,
87,nahmias2007_v1,3E1QT0TDFPA0MJVWL4L2IVWA10T8IX,NA,,,,Female,Yes,"Graduate degree, Masters",Yes,I have taken 1 or 2 philosophy courses
238,nahmias2007_v1,37TD41K0AHARS0O57SVLOJYG0PISCH,39,english,american,usa,,,,,
238,nahmias2007_v1,37TD41K0AHARS0O57SVLOJYG0PISCH,NA,,,,Female,No,College or university degree,No, I have never taken any philosophy course
71,nahmias2007_v1,37Q970SNZE975XE7RV617NFPWSRS1R,25,English,American,USA,,,,,
226,nahmias2007_v1,31QTRG6Q2TE7IB9IB39GQ5LOGTSPY5,38,English,American,USA,,,,,
226,nahmias2007_v1,31QTRG6Q2TE7IB9IB39GQ5LOGTSPY5,NA,,,,Male,No,College or university degree,Yes,I have taken 1 or 2 philosophy courses
40,nahmias2007_v1,3ERMJ6L4DYTIIOG4WEROWO7W7P9M76,30,english,american,united states,,,,,
71,nahmias2007_v1,37Q970SNZE975XE7RV617NFPWSRS1R,NA,,,,Male,No,College or university degree,Yes,I have taken 1 or 2 philosophy courses
35,nahmias2007_v1,3TXD01ZLD4I4C93U3IK3KM4GT9MU4M,43,English,US citizen,United States,,,,,
180,nahmias2007_v1,3LUY3GC63Z1O3RDHOUJGDS1RCUKP75,36,English,American ,US,,,,,
151,nahmias2007_v1,3U5NZHP4LR3LWGJT135S45QLQXGHPZ,34,English,American,USA,,,,,
40,nahmias2007_v1,3ERMJ6L4DYTIIOG4WEROWO7W7P9M76,NA,,,,Female,No,PhD,Yes, I have a PhD in philosophy
115,nahmias2007_v1,3QRYMNZ7FYIBY4YBLI9PEZOE1C8NTH,39,English,Asian American,United States,,,,,
151,nahmias2007_v1,3U5NZHP4LR3LWGJT135S45QLQXGHPZ,NA,,,,Male,No,Some college or university,Yes,I have taken 1 or 2 philosophy courses
35,nahmias2007_v1,3TXD01ZLD4I4C93U3IK3KM4GT9MU4M,NA,,,,Female,No,Some college or university,Yes,I have taken 1 or 2 philosophy courses
115,nahmias2007_v1,3QRYMNZ7FYIBY4YBLI9PEZOE1C8NTH,NA,,,,Female,No,High school,No, I have never taken any philosophy course
180,nahmias2007_v1,3LUY3GC63Z1O3RDHOUJGDS1RCUKP75,NA,,,,Female,No,High school,No, I have never taken any philosophy course
61,nahmias2007_v1,3QUO65DNQUP8G2DCM2ZCYKALA0MUOW,42,English,American,USA,,,,,
155,nahmias2007_v1,3NGMS9VZTLJPR73TSALNPQ048CGFFW,39,engliah,American ,USA,,,,,
155,nahmias2007_v1,3NGMS9VZTLJPR73TSALNPQ048CGFFW,NA,,,,Male,No,College or university degree,No, I have never taken any philosophy course
61,nahmias2007_v1,3QUO65DNQUP8G2DCM2ZCYKALA0MUOW,NA,,,,Female,No,College or university degree,Yes,"I have taken more than 2 philosophy courses, but philosophy is (or was) not the discipline I was (am) trained in"
69,nahmias2007_v1,3HWRJOOET536PY8J3J1GE7YJL1VSEA,38,English,American,USA,,,,,
69,nahmias2007_v1,3HWRJOOET536PY8J3J1GE7YJL1VSEA,NA,,,,Female,Yes,College or university degree,No, I have never taken any philosophy course
149,nahmias2007_v1,3J4Q2Z4UTY4OTIFXWF6H5DQIAHFWQ5,36,English,American,USA,,,,,
64,nahmias2007_v1,3LQ8PUHQFLTTFUWPO8F8V8P94JLHIN,30,english,African american,USA,,,,,
149,nahmias2007_v1,3J4Q2Z4UTY4OTIFXWF6H5DQIAHFWQ5,NA,,,,Male,No,"Graduate degree, Masters",Yes,I have taken 1 or 2 philosophy courses
64,nahmias2007_v1,3LQ8PUHQFLTTFUWPO8F8V8P94JLHIN,NA,,,,Female,No,Some college or university,Yes,I have taken 1 or 2 philosophy courses
200,nahmias2007_v1,3J4Q2Z4UTY4OTIFXWF6H5DQIAHDQWX,29,english,american,United States,,,,,
200,nahmias2007_v1,3J4Q2Z4UTY4OTIFXWF6H5DQIAHDQWX,NA,,,,Male,No,Some college or university,No, I have never taken any philosophy course
234,nahmias2007_v1,3Z2R0DQ0JHFDKZRL94MANPLFN7VE2S,37,English,US,US,,,,,
234,nahmias2007_v1,3Z2R0DQ0JHFDKZRL94MANPLFN7VE2S,NA,,,,Male,No,College or university degree,No, I have never taken any philosophy course
92,nahmias2007_v1,3TYCR1GOTCKHWG4PFXISNVL6HDWZL9,32,English,American,United States,,,,,
92,nahmias2007_v1,3TYCR1GOTCKHWG4PFXISNVL6HDWZL9,NA,,,,Male,No,College or university degree,Yes,I have taken 1 or 2 philosophy courses
186,nahmias2007_v1,3IOEN3P9S7K2IZGAKI3Y6IJXE3S16C,41,English,American,USA,,,,,
186,nahmias2007_v1,3IOEN3P9S7K2IZGAKI3Y6IJXE3S16C,NA,,,,Male,No,"Graduate degree, Masters",No, I have never taken any philosophy course
82,nahmias2007_v1,3SNLUL3WO4O0AHAF9AJK636RFVHULF,30,english,american,usa,,,,,
174,nahmias2007_v1,3C44YUNSI1Q4K0ERF7M2DKBNY5NPDY,38,english,american,usa,,,,,
174,nahmias2007_v1,3C44YUNSI1Q4K0ERF7M2DKBNY5NPDY,NA,,,,Female,No,College or university degree,No, I have never taken any philosophy course
33,nahmias2007_v1,3PEIJLRY6TU82FG9IT19ZLMB7K2WX2,33,English,USA,USA,,,,,
82,nahmias2007_v1,3SNLUL3WO4O0AHAF9AJK636RFVHULF,NA,,,,Female,No,College or university degree,No, I have never taken any philosophy course
33,nahmias2007_v1,3PEIJLRY6TU82FG9IT19ZLMB7K2WX2,NA,,,,Female,No,Some college or university,No, I have never taken any philosophy course
201,nahmias2007_v1,3LS2AMNW5FRGO96V5TF7OJDW7FGOQL,30,english,american,USA,,,,,
26,nahmias2007_v1,3IUZPWIU1O82IFH2JAMK9RE9BBNWKD,52,english,American,USA,,,,,
22,nahmias2007_v1,3Y54SXRO1LMOTUIKIJLBSUG8983UTI,68,English,African,U.S.,,,,,
201,nahmias2007_v1,3LS2AMNW5FRGO96V5TF7OJDW7FGOQL,NA,,,,Male,Yes,College or university degree,Yes,I have taken 1 or 2 philosophy courses
107,nahmias2007_v1,39GHHAVOMFSVYTS0RJGPDKV5CTP4J1,43,English,American,USA,,,,,
246,nahmias2007_v1,33PPUNGG386SZEZ2KHFO97U5N5LZRZ,36,English,American,United States of America,,,,,
107,nahmias2007_v1,39GHHAVOMFSVYTS0RJGPDKV5CTP4J1,NA,,,,Male,No,Some college or university,Yes,I have taken 1 or 2 philosophy courses
26,nahmias2007_v1,3IUZPWIU1O82IFH2JAMK9RE9BBNWKD,NA,,,,Female,No,College or university degree,No, I have never taken any philosophy course
220,nahmias2007_v1,3TVRFO09GKGSRL4AEFU7QA5V9DYXLA,42,English,American,USA,,,,,
22,nahmias2007_v1,3Y54SXRO1LMOTUIKIJLBSUG8983UTI,NA,,,,Male,Yes,Some college or university,No, I have never taken any philosophy course
246,nahmias2007_v1,33PPUNGG386SZEZ2KHFO97U5N5LZRZ,NA,,,,Female,No,"Graduate degree, Masters",Yes,I have taken 1 or 2 philosophy courses
220,nahmias2007_v1,3TVRFO09GKGSRL4AEFU7QA5V9DYXLA,NA,,,,Female,No,College or university degree,No, I have never taken any philosophy course
53,nahmias2007_v1,3SEPORI8WN000XDLI6T2EH5VN1XZAR,33,english,white,USA,,,,,
49,nahmias2007_v1,3S0TNUHWKTJJE8FATQKRRYGX9VND82,28,english,american,united states,,,,,
153,nahmias2007_v1,30ZX6P7VF8WLVFDDN5X1K5Y7SFT2J3,28,English,American,USA,,,,,
53,nahmias2007_v1,3SEPORI8WN000XDLI6T2EH5VN1XZAR,NA,,,,Female,No,College or university degree,Yes,I have taken 1 or 2 philosophy courses
153,nahmias2007_v1,30ZX6P7VF8WLVFDDN5X1K5Y7SFT2J3,NA,,,,Male,Yes,College or university degree,Yes,I have taken 1 or 2 philosophy courses
203,nahmias2007_v1,3MH9DQ757WDKOPWEYJM4TB1JJEVUG9,50,English,American,United States,,,,,
49,nahmias2007_v1,3S0TNUHWKTJJE8FATQKRRYGX9VND82,NA,,,,Male,No,College or university degree,Yes,"I have taken more than 2 philosophy courses, but philosophy is (or was) not the discipline I was (am) trained in"
203,nahmias2007_v1,3MH9DQ757WDKOPWEYJM4TB1JJEVUG9,NA,,,,Female,No,Some college or university,No, I have never taken any philosophy course
110,nahmias2007_v1,3P529IW9KYMBRZDPELOLK35O583FL2,31,english,US,US,,,,,
95,nahmias2007_v1,3G0WWMR1UVLY6O6J4EFU9UDRH5BNQ5,49,English,usa,usa,,,,,
110,nahmias2007_v1,3P529IW9KYMBRZDPELOLK35O583FL2,NA,,,,Male,No,College or university degree,Yes,I have taken 1 or 2 philosophy courses
95,nahmias2007_v1,3G0WWMR1UVLY6O6J4EFU9UDRH5BNQ5,NA,,,,Male,No,"Graduate degree, Masters",Yes,I have taken 1 or 2 philosophy courses
197,nahmias2007_v1,3F6HPJW4JD171ZDCU4GG9VSFUB22WY,30,English,American,USA,,,,,
122,nahmias2007_v1,3TGOYF991XN3T7X9IOBLXQ2ASMAUU9,57,ENGLISH,AMERICAN,USA,,,,,
197,nahmias2007_v1,3F6HPJW4JD171ZDCU4GG9VSFUB22WY,NA,,,,Female,No,Some college or university,No, I have never taken any philosophy course
182,nahmias2007_v1,3K9FOBBF2HKNFRQ6C97YS8EX7ZNNLF,53,English,American,USA,,,,,
122,nahmias2007_v1,3TGOYF991XN3T7X9IOBLXQ2ASMAUU9,NA,,,,Female,No,College or university degree,No, I have never taken any philosophy course
182,nahmias2007_v1,3K9FOBBF2HKNFRQ6C97YS8EX7ZNNLF,NA,,,,Female,No,"Graduate degree, Masters",Yes,I have taken 1 or 2 philosophy courses
183,nahmias2007_v1,3U0SRXB7CD6YIPLJHT4UEKNWDRDNR6,22,English,American,United States,,,,,
227,nahmias2007_v1,33CKWXB73JL7BDFDECRHBMSG6SF11H,28,English,USA,USA,,,,,
139,nahmias2007_v1,39GXDJN2OTF58PFWKBKLXKM492RV8J,27,English,USA,USA,,,,,
183,nahmias2007_v1,3U0SRXB7CD6YIPLJHT4UEKNWDRDNR6,NA,,,,Male,Yes,Some college or university,Yes,I have taken 1 or 2 philosophy courses
227,nahmias2007_v1,33CKWXB73JL7BDFDECRHBMSG6SF11H,NA,,,,Male,No,College or university degree,Yes,I have taken 1 or 2 philosophy courses
36,nahmias2007_v1,3WETL7AQWT929YUB237C25KUGSY35T,23,English,USA,USA,,,,,
232,nahmias2007_v1,3DHE4R9OCWCB4DNCFZCYNS6R0NCG2D,59,English,American,USA,,,,,
36,nahmias2007_v1,3WETL7AQWT929YUB237C25KUGSY35T,NA,,,,Female,No,High school,No, I have never taken any philosophy course
232,nahmias2007_v1,3DHE4R9OCWCB4DNCFZCYNS6R0NCG2D,NA,,,,Female,No,College or university degree,No, I have never taken any philosophy course
139,nahmias2007_v1,39GXDJN2OTF58PFWKBKLXKM492RV8J,NA,,,,Female,No,College or university degree,Yes,I have taken 1 or 2 philosophy courses
167,nahmias2007_v1,3TPWUS5F892KZH5ERX5ML81162FCWH,23,english,Italian German,USA,,,,,
59,nahmias2007_v1,31Z0PCVWUKGMVJ6O5BS0I22O1X5T7E,40,English,American,United States,,,,,
166,nahmias2007_v1,3X4JMASXCMA8HMCNKQG63TMFNC0B07,27,english,american,USA,,,,,
167,nahmias2007_v1,3TPWUS5F892KZH5ERX5ML81162FCWH,NA,,,,Male,No,High school,No, I have never taken any philosophy course
59,nahmias2007_v1,31Z0PCVWUKGMVJ6O5BS0I22O1X5T7E,NA,,,,Female,No,High school,No, I have never taken any philosophy course
154,nahmias2007_v1,3VNL7UK1XFKZACLUNUQC6UF5ZLPFT5,37,English,White,United States,,,,,
166,nahmias2007_v1,3X4JMASXCMA8HMCNKQG63TMFNC0B07,NA,,,,Female,Yes,Some college or university,Yes,I have taken 1 or 2 philosophy courses
154,nahmias2007_v1,3VNL7UK1XFKZACLUNUQC6UF5ZLPFT5,NA,,,,Female,Yes,Some college or university,No, I have never taken any philosophy course
114,nahmias2007_v1,3VELCLL3GKKY1S9LLB620OWA72Y1FI,33,English,American,USA,,,,,
235,nahmias2007_v1,3RU7GD8VPOUAMPX9CXHR8JXNZ8XSPV,67,English,American,USA,,,,,
114,nahmias2007_v1,3VELCLL3GKKY1S9LLB620OWA72Y1FI,NA,,,,Female,No,College or university degree,Yes,I have taken 1 or 2 philosophy courses
164,nahmias2007_v1,3JWH6J9I9SEB2I4ULWI4E5ISV5ANBT,35,English,American (USA),USA,,,,,
77,nahmias2007_v1,3M1CVSFP606RM5CUVAAPNOTRIYCQAO,40,English,USA,USA,,,,,
164,nahmias2007_v1,3JWH6J9I9SEB2I4ULWI4E5ISV5ANBT,NA,,,,Male,No,Some college or university,Yes,I have taken 1 or 2 philosophy courses
77,nahmias2007_v1,3M1CVSFP606RM5CUVAAPNOTRIYCQAO,NA,,,,Male,No,College or university degree,No, I have never taken any philosophy course
235,nahmias2007_v1,3RU7GD8VPOUAMPX9CXHR8JXNZ8XSPV,NA,,,,Female,No,College or university degree,No, I have never taken any philosophy course
112,nahmias2007_v1,3B2X28YI3WG3VXY2MFWNCUW60FMB68,30,English,Caucasian,United States,,,,,
128,nahmias2007_v1,3Q5C1WP23M26ZVGWFZTTEC5XI8K513,40,English,US,US,,,,,
112,nahmias2007_v1,3B2X28YI3WG3VXY2MFWNCUW60FMB68,NA,,,,Female,No,Some college or university,No, I have never taken any philosophy course
128,nahmias2007_v1,3Q5C1WP23M26ZVGWFZTTEC5XI8K513,NA,,,,Female,No,College or university degree,Yes,I have taken 1 or 2 philosophy courses
39,nahmias2007_v1,3H7Z272LX78NIC2JSOKQWXJS7EOPLD,49,English,American,USA,,,,,
113,nahmias2007_v1,3N1FSUEFL51IV7S8HNUEAM0S79S4DN,39,English,Caucasian American,USA,,,,,
39,nahmias2007_v1,3H7Z272LX78NIC2JSOKQWXJS7EOPLD,NA,,,,Female,No,College or university degree,No, I have never taken any philosophy course
113,nahmias2007_v1,3N1FSUEFL51IV7S8HNUEAM0S79S4DN,NA,,,,Male,No,Some college or university,Yes,I have taken 1 or 2 philosophy courses
28,nahmias2007_v1,30LB5CDZNCB4ZKF3Q4W9PBTIEFM0Z2,45,english,US,US,,,,,
28,nahmias2007_v1,30LB5CDZNCB4ZKF3Q4W9PBTIEFM0Z2,NA,,,,Female,No,College or university degree,Yes,I have taken 1 or 2 philosophy courses
70,nahmias2007_v1,33ISQZVXPPNBLJZ9A65L9EUYEMXCC8,51,English,American,United States,,,,,
136,nahmias2007_v1,3HWRJOOET536PY8J3J1GE7YJL1WESX,36,ENGLISH,AMERICAN,USA,,,,,
70,nahmias2007_v1,33ISQZVXPPNBLJZ9A65L9EUYEMXCC8,NA,,,,Female,No,"Graduate degree, Masters",Yes,I have taken 1 or 2 philosophy courses
136,nahmias2007_v1,3HWRJOOET536PY8J3J1GE7YJL1WESX,NA,,,,Male,No,High school,No, I have never taken any philosophy course
209,nahmias2007_v1,3LUY3GC63Z1O3RDHOUJGDS1RCUL7PO,56,english,american,usa,,,,,
104,nahmias2007_v1,35USIKEBNRH5W6NZP51W3PW0H4Z6NR,52,English,USA,USA,,,,,
129,nahmias2007_v1,3SKEMFQBZ36RSELKL76EVBBNT4L8KB,28,English,USA,New York,,,,,
209,nahmias2007_v1,3LUY3GC63Z1O3RDHOUJGDS1RCUL7PO,NA,,,,Male,No,College or university degree,No, I have never taken any philosophy course
129,nahmias2007_v1,3SKEMFQBZ36RSELKL76EVBBNT4L8KB,NA,,,,Male,Yes,College or university degree,Yes,"I have taken more than 2 philosophy courses, but philosophy is (or was) not the discipline I was (am) trained in"
104,nahmias2007_v1,35USIKEBNRH5W6NZP51W3PW0H4Z6NR,NA,,,,Male,No,Some college or university,Yes,I have taken 1 or 2 philosophy courses
11,nahmias2007_v1,3LYA37P8IQOAUCJROJQOMD1O1A5KBL,40,English,American,USA,,,,,
11,nahmias2007_v1,3LYA37P8IQOAUCJROJQOMD1O1A5KBL,NA,,,,Female,No,High school,No, I have never taken any philosophy course
178,nahmias2007_v1,3NS0A6KXC491AOQO46LCA3GYLWAZG3,44,english,american ,united states,,,,,
198,nahmias2007_v1,3LJ7UR74RHERHJJL6H8H6RCMLDV4N6,28,English,USA,USA,,,,,
178,nahmias2007_v1,3NS0A6KXC491AOQO46LCA3GYLWAZG3,NA,,,,Male,No,High school,No, I have never taken any philosophy course
198,nahmias2007_v1,3LJ7UR74RHERHJJL6H8H6RCMLDV4N6,NA,,,,Male,No,"Graduate degree, Masters",No, I have never taken any philosophy course
103,nahmias2007_v1,3T3IWE1XG6OW11B31A16ITJJ6NYQTA,28,english,american,usa,,,,,
103,nahmias2007_v1,3T3IWE1XG6OW11B31A16ITJJ6NYQTA,NA,,,,Female,No,High school,No, I have never taken any philosophy course
60,nahmias2007_v1,39GAF6DQWR1NXPVBLQB6IAZWVWM1V6,53,English,US,US,,,,,
206,nahmias2007_v1,38SKSKU7R1YV1QFFFTU6N0IGL0VILW,35,English,American,United States,,,,,
60,nahmias2007_v1,39GAF6DQWR1NXPVBLQB6IAZWVWM1V6,NA,,,,Female,No,Some college or university,No, I have never taken any philosophy course
206,nahmias2007_v1,38SKSKU7R1YV1QFFFTU6N0IGL0VILW,NA,,,,Male,No,High school,No, I have never taken any philosophy course
244,nahmias2007_v1,3ERET4BTVMAR6J4UQZCSV76YDA3K9C,30,English,American,USA,,,,,
244,nahmias2007_v1,3ERET4BTVMAR6J4UQZCSV76YDA3K9C,NA,,,,Female,No,College or university degree,No, I have never taken any philosophy course
67,nahmias2007_v1,3RWE2M8QWHBAIV1KNGLFUOM941DN07,53,ENGLISH,AMERICAN,USA,,,,,
67,nahmias2007_v1,3RWE2M8QWHBAIV1KNGLFUOM941DN07,NA,,,,Female,No,High school,No, I have never taken any philosophy course
230,nahmias2007_v1,3AMYWKA6YBNNERNBQK19IEW57E5O6P,67,english,usa,usa,,,,,
241,nahmias2007_v1,3A1COHJ8NJW0QOKCFM3HIJVV1NHH8G,28,english,usa,usa,,,,,
241,nahmias2007_v1,3A1COHJ8NJW0QOKCFM3HIJVV1NHH8G,NA,,,,Female,No,College or university degree,No, I have never taken any philosophy course
230,nahmias2007_v1,3AMYWKA6YBNNERNBQK19IEW57E5O6P,NA,,,,Male,No,Some college or university,Yes,I have taken 1 or 2 philosophy courses
208,nahmias2007_v1,33M4IA01QG23UJZNJZR3CMEUF5ORXV,64,English,United States,United Sttes,,,,,
208,nahmias2007_v1,33M4IA01QG23UJZNJZR3CMEUF5ORXV,NA,,,,Male,No,Some college or university,Yes,I have taken 1 or 2 philosophy courses
