"AD1ILDUXZHASF","nahmias2007_v1","3D3VGR7TA0GRELS9ZAKF56PQ8553RF","30","english","american","usa",,,,,
"AD1ILDUXZHASF","nahmias2007_v1","3D3VGR7TA0GRELS9ZAKF56PQ8553RF",,,,,"Male","No","College or university degree","No"," I have never taken any philosophy course"
"AX1I9MBLJDKGA","nahmias2007_v1","3DR23U6WE5F74YLYSJ66OCU5NFSETU","32","English","American","United States",,,,,
"AX1I9MBLJDKGA","nahmias2007_v1","3DR23U6WE5F74YLYSJ66OCU5NFSETU",,,,,"Male","Yes","College or university degree","Yes","I have taken 1 or 2 philosophy courses"
"ARG392N6HWZCJ","nahmias2007_v1","3EF8EXOTT1WE6UVH41XNFMO204XJ1B","24","English","American","USA",,,,,
"A2CF2BD4Q0ZDJN","nahmias2007_v1","3VP0C6EFSGXZEO2ZD4MWQA70C986M0","55","English","USA","USA",,,,,
"ARG392N6HWZCJ","nahmias2007_v1","3EF8EXOTT1WE6UVH41XNFMO204XJ1B",,,,,"Male","No","College or university degree","No"," I have never taken any philosophy course"
"A2CF2BD4Q0ZDJN","nahmias2007_v1","3VP0C6EFSGXZEO2ZD4MWQA70C986M0",,,,,"Male","No","College or university degree","No"," I have never taken any philosophy course"
"A35KO7MWZDBK2Z","nahmias2007_v1","31Q0U3WYDPGLMZUF3S8QCWJT99X17M","25","English","American","United States",,,,,
"AMKR0AUUN7VR2","nahmias2007_v1","30ZX6P7VF8WLVFDDN5X1K5Y7SABJ2S","50","English","Caucasian","USA",,,,,
"A35KO7MWZDBK2Z","nahmias2007_v1","31Q0U3WYDPGLMZUF3S8QCWJT99X17M",,,,,"Female","No","College or university degree","No"," I have never taken any philosophy course"
"AMKR0AUUN7VR2","nahmias2007_v1","30ZX6P7VF8WLVFDDN5X1K5Y7SABJ2S",,,,,"Female","No","College or university degree","Yes","I have taken 1 or 2 philosophy courses"
"A1LJKHC0NH9TIX
","nahmias2007_v1","3G5W44VEU7J6LTR245I2NOSLHIGGK7","40","English","White","Usa",,,,,
"A1LJKHC0NH9TIX
","nahmias2007_v1","3G5W44VEU7J6LTR245I2NOSLHIGGK7",,,,,"Female","No","High school","No"," I have never taken any philosophy course"
"A14F6ZMFA960GN","nahmias2007_v1","33C7UALJVLZPMDZYDX0WQWFOKT3189","33","English","American","United States",,,,,
"A2Z7W25ZQ8PENR","nahmias2007_v1","3DZQRBDBSLG3F0SMEZKKVGUMU7O3S3","34","English","White","United States of America",,,,,
"A2UMPV8X9EJTHQ","nahmias2007_v1","3PMBY0YE2749NLS6YMVU7OTQ8WCC9Z","29","English","American","United States",,,,,
"A1Z2C5IJZ1W8TT","nahmias2007_v1","3IXEICO792K3RJSJM1N8CO2S6H46T1","29","English","Norwegian/Welsh","United States",,,,,
"A2Z7W25ZQ8PENR","nahmias2007_v1","3DZQRBDBSLG3F0SMEZKKVGUMU7O3S3",,,,,"Female","No","Some college or university","No"," I have never taken any philosophy course"
"A2UMPV8X9EJTHQ","nahmias2007_v1","3PMBY0YE2749NLS6YMVU7OTQ8WCC9Z",,,,,"Male","No","Some college or university","No"," I have never taken any philosophy course"
"A1Z2C5IJZ1W8TT","nahmias2007_v1","3IXEICO792K3RJSJM1N8CO2S6H46T1",,,,,"Female","Yes","College or university degree","Yes","I have taken 1 or 2 philosophy courses"
"A13UMY3NL33676","nahmias2007_v1","3M81GAB8A0KW5FHM1OALIZDX0BGBQD","35","english","white","USA",,,,,
"A13UMY3NL33676","nahmias2007_v1","3M81GAB8A0KW5FHM1OALIZDX0BGBQD",,,,,"Female","No","High school","No"," I have never taken any philosophy course"
"A2MKXI4KCRRI7Y","nahmias2007_v1","31HQ4X3T3SBKV4IBK5OKR2O3UTFLSZ","34","English","US","US",,,,,
"A2MKXI4KCRRI7Y","nahmias2007_v1","31HQ4X3T3SBKV4IBK5OKR2O3UTFLSZ",,,,,"Male","No","Graduate degree, Masters","Yes","I have taken 1 or 2 philosophy courses"
"AMYRVTU53MLYO","nahmias2007_v1","3YMU66OBIN9FJ3QUYKF5AWCTP1CGH3","30","English","US","US",,,,,
"A3P74FP62XNVYI","nahmias2007_v1","3JMSRU9HQIVMHQPNXE6LPUIQK08EVA","62","English","American","United States",,,,,
"AMYRVTU53MLYO","nahmias2007_v1","3YMU66OBIN9FJ3QUYKF5AWCTP1CGH3",,,,,"Male","No","Graduate degree, Masters","Yes","I have taken 1 or 2 philosophy courses"
"A3P74FP62XNVYI","nahmias2007_v1","3JMSRU9HQIVMHQPNXE6LPUIQK08EVA",,,,,"Male","No","Some college or university","No"," I have never taken any philosophy course"
"A14YBHS8YBLDAG","nahmias2007_v1","3ERMJ6L4DYTIIOG4WEROWO7W7KSM7F","24","English","American","US",,,,,
"A14YBHS8YBLDAG","nahmias2007_v1","3ERMJ6L4DYTIIOG4WEROWO7W7KSM7F",,,,,"Female","No","College or university degree","No"," I have never taken any philosophy course"
"A30MP4LXV4MIFD","nahmias2007_v1","35DR22AR5DLBBHEL89Q7UOBE9MQ3XB","30","English","United States","United States",,,,,
"A1A6UVH1CCP8CD","nahmias2007_v1","3HRMW88U16R40DGKBF6FH9X9Z6MM0F","28","english","american","USA",,,,,
"A1A6UVH1CCP8CD","nahmias2007_v1","3HRMW88U16R40DGKBF6FH9X9Z6MM0F",,,,,"Female","No","High school","No"," I have never taken any philosophy course"
"A30MP4LXV4MIFD","nahmias2007_v1","35DR22AR5DLBBHEL89Q7UOBE9MQ3XB",,,,,"Male","No","Some college or university","Yes","I have taken more than 2 philosophy courses, but philosophy is (or was) not the discipline I was (am) trained in"
"A3BP890CXV4UMN","nahmias2007_v1","3Z9WI9EOZZPKLPMDOB0K8O4MWITHK7","55","english","american","USA",,,,,
"A3BP890CXV4UMN","nahmias2007_v1","3Z9WI9EOZZPKLPMDOB0K8O4MWITHK7",,,,,"Female","No","College or university degree","No"," I have never taken any philosophy course"
"A3SINEY4WSAVEP","nahmias2007_v1","3ZAZR5XV01JOTCAJ2KPTKCVJNZ1ZC2","30","English","American","USA",,,,,
"A3SINEY4WSAVEP","nahmias2007_v1","3ZAZR5XV01JOTCAJ2KPTKCVJNZ1ZC2",,,,,"Male","No","Graduate degree, Masters","Yes","I have taken 1 or 2 philosophy courses"
"A314XJY8V1YL12","nahmias2007_v1","3C2NJ6JBKAIHE54Y23PTDCFO1UGN20","45","English","American","United States",,,,,
"A314XJY8V1YL12","nahmias2007_v1","3C2NJ6JBKAIHE54Y23PTDCFO1UGN20",,,,,"Female","No","Graduate degree, Masters","No"," I have never taken any philosophy course"
"A2WGW5Y3ZFBDEC","nahmias2007_v1","3AMYWKA6YBNNERNBQK19IEW579N6OF","47","english","american","usa",,,,,
"A2WGW5Y3ZFBDEC","nahmias2007_v1","3AMYWKA6YBNNERNBQK19IEW579N6OF",,,,,"Male","No","College or university degree","Yes","I have taken more than 2 philosophy courses, but philosophy is (or was) not the discipline I was (am) trained in"
"A3LRZX8477TYYZ","nahmias2007_v1","35USIKEBNRH5W6NZP51W3PW0HZI6N0","38","English","American","United States of America",,,,,
"A3LRZX8477TYYZ","nahmias2007_v1","35USIKEBNRH5W6NZP51W3PW0HZI6N0",,,,,"Male","No","Graduate degree, Masters","Yes","I have taken more than 2 philosophy courses, but philosophy is (or was) not the discipline I was (am) trained in"
"A2LMREAO2XRLTM","nahmias2007_v1","3H8DHMCCW9C399HB2FHUH3PO4Q0KD1","22","english","american","america",,,,,
"A2YRYS17DU3A8R","nahmias2007_v1","39GHHAVOMFSVYTS0RJGPDKV5CO7J4O","26","english","USA","USA",,,,,
"A2YRYS17DU3A8R","nahmias2007_v1","39GHHAVOMFSVYTS0RJGPDKV5CO7J4O",,,,,"Female","No","College or university degree","No"," I have never taken any philosophy course"
"A2LMREAO2XRLTM","nahmias2007_v1","3H8DHMCCW9C399HB2FHUH3PO4Q0KD1",,,,,"Male","No","High school","No"," I have never taken any philosophy course"
"A3A5A9IS2UQD6T","nahmias2007_v1","3PMBY0YE2749NLS6YMVU7OTQ8WC9CW","30","English","American","USA",,,,,
"A3A5A9IS2UQD6T","nahmias2007_v1","3PMBY0YE2749NLS6YMVU7OTQ8WC9CW",,,,,"Female","No","Some college or university","Yes","I have taken more than 2 philosophy courses, but philosophy is (or was) not the discipline I was (am) trained in"
"A1QVNF19XSRSD7","nahmias2007_v1","3HRMW88U16R40DGKBF6FH9X9ZB10MI","33","English","USA","USA",,,,,
"A1QVNF19XSRSD7","nahmias2007_v1","3HRMW88U16R40DGKBF6FH9X9ZB10MI",,,,,"Male","No","College or university degree","No"," I have never taken any philosophy course"
"A3V9JJ6C3T0D4X","nahmias2007_v1","3ATTHHXXWAPQ1KW4TCXUYUD3S92IXF","21","English","American","USA",,,,,
"A3V9JJ6C3T0D4X","nahmias2007_v1","3ATTHHXXWAPQ1KW4TCXUYUD3S92IXF",,,,,"Female","No","High school","No"," I have never taken any philosophy course"
"A110KENBXU7SUJ","nahmias2007_v1","3RXPCZQMQPC4FS5GWVCKI9WM8HVG1T","45","English","American","USA",,,,,
"A110KENBXU7SUJ","nahmias2007_v1","3RXPCZQMQPC4FS5GWVCKI9WM8HVG1T",,,,,"Male","No","High school","No"," I have never taken any philosophy course"
"A19C6T7B0H4PAQ","nahmias2007_v1","3B2X28YI3WG3VXY2MFWNCUW60FJB65","29","English","US Citizen","United States",,,,,
"A23H7XNZHF8JQY","nahmias2007_v1","3H7Z272LX78NIC2JSOKQWXJS7ENLP8","32","English","White","USA",,,,,
"A19C6T7B0H4PAQ","nahmias2007_v1","3B2X28YI3WG3VXY2MFWNCUW60FJB65",,,,,"Male","No","College or university degree","Yes","I have taken 1 or 2 philosophy courses"
"A23H7XNZHF8JQY","nahmias2007_v1","3H7Z272LX78NIC2JSOKQWXJS7ENLP8",,,,,"Female","No","Graduate degree, Masters","No"," I have never taken any philosophy course"
"A2NZRP8PKTV4P3","nahmias2007_v1","36H9ULYP62V5W9PPB0C84OSW1JVJF1","30","English","USA","USA",,,,,
"AZCGSVDT79E6X","nahmias2007_v1","3MTMREQS4VJW628G7J9VFDBD6ZRAWA","23","English","United States","United States",,,,,
"A3OB2U61EFEHNP","nahmias2007_v1","3NVC2EB65Q00BM4VD5C9D2INBXZ3Y6","37","english","american","USA",,,,,
"A2873IWWYUPLSP","nahmias2007_v1","3PIWWX1FJJ7L1BBLUQ3TJMKOUQCJJ4","32","english","american","usa",,,,,
"AZ57C58RDAMJF","nahmias2007_v1","3EFVCAY5L3AWHUF23M62UWBAEFIJ8K","55","english","american","united states",,,,,
"A2E3SM3T01ENIR","nahmias2007_v1","33JKGHPFYCV7L98RCL8DSLTM74CNMG","34","English","American","USA",,,,,
"A3OB2U61EFEHNP","nahmias2007_v1","3NVC2EB65Q00BM4VD5C9D2INBXZ3Y6",,,,,"Female","No","College or university degree","Yes","I have taken 1 or 2 philosophy courses"
"A2NZRP8PKTV4P3","nahmias2007_v1","36H9ULYP62V5W9PPB0C84OSW1JVJF1",,,,,"Female","No","College or university degree","No"," I have never taken any philosophy course"
"A2873IWWYUPLSP","nahmias2007_v1","3PIWWX1FJJ7L1BBLUQ3TJMKOUQCJJ4",,,,,"Male","No","College or university degree","No"," I have never taken any philosophy course"
"AZCGSVDT79E6X","nahmias2007_v1","3MTMREQS4VJW628G7J9VFDBD6ZRAWA",,,,,"Male","No","High school","No"," I have never taken any philosophy course"
"A2E3SM3T01ENIR","nahmias2007_v1","33JKGHPFYCV7L98RCL8DSLTM74CNMG",,,,,"Male","No","Graduate degree, Masters","Yes","I have taken 1 or 2 philosophy courses"
"AZ57C58RDAMJF","nahmias2007_v1","3EFVCAY5L3AWHUF23M62UWBAEFIJ8K",,,,,"Female","No","College or university degree","No"," I have never taken any philosophy course"
"A3UHGMA0AXQYQJ","nahmias2007_v1","3IAEQB9FMELU49BSRT0X5EJJR2ODWF","27","English","United States","United States",,,,,
"ATAHQP6QL09TX","nahmias2007_v1","30IQTZXKAK7FUPFOPM8OSQD76FL0X2","23","English","White","United States of America",,,,,
"A3UHGMA0AXQYQJ","nahmias2007_v1","3IAEQB9FMELU49BSRT0X5EJJR2ODWF",,,,,"Male","No","College or university degree","No"," I have never taken any philosophy course"
"A13FUEPWBCLBUY","nahmias2007_v1","3TE22NPXPBD5VB9FOCTL7I6MUWW447","33","English","USA","USA",,,,,
"A35P8YSNTQ7OTP","nahmias2007_v1","3HRMW88U16R40DGKBF6FH9X9ZB1M04","45","englsih","us","us",,,,,
"ATAHQP6QL09TX","nahmias2007_v1","30IQTZXKAK7FUPFOPM8OSQD76FL0X2",,,,,"Male","No","College or university degree","No"," I have never taken any philosophy course"
"A3TYWTLNIKKD29","nahmias2007_v1","3D8YOU6S9ELIRW78M6DIHKOUP0Q6UH","26","english","usa","usa",,,,,
"A340UGIDGIF4W6","nahmias2007_v1","33OOO72IVHMS701KWS0BYOU228UTC5","42","ENGLISH","AMERICAN","USA",,,,,
"AJRY9ALX8069Y","nahmias2007_v1","3U8YCDAGXPHVLSEC38DWYIHE9CY0Q5","34","English","American","United States",,,,,
"A13FUEPWBCLBUY","nahmias2007_v1","3TE22NPXPBD5VB9FOCTL7I6MUWW447",,,,,"Male","No","Graduate degree, Masters","Yes","I have taken 1 or 2 philosophy courses"
"A35P8YSNTQ7OTP","nahmias2007_v1","3HRMW88U16R40DGKBF6FH9X9ZB1M04",,,,,"Male","No","Some college or university","Yes","I have taken more than 2 philosophy courses, but philosophy is (or was) not the discipline I was (am) trained in"
"A1APEQX73PO1HK","nahmias2007_v1","3X3OR7WPZZ12CK3267IFABO2I4NL8O","45","German","Austria","USA",,,,,
"AJRY9ALX8069Y","nahmias2007_v1","3U8YCDAGXPHVLSEC38DWYIHE9CY0Q5",,,,,"Female","No","College or university degree","No"," I have never taken any philosophy course"
"A2AZ2MBFHZ49EY","nahmias2007_v1","3OLQQLKKNSQDQVPTGPS2M67WPIGJEJ","40","english","american","united states",,,,,
"A340UGIDGIF4W6","nahmias2007_v1","33OOO72IVHMS701KWS0BYOU228UTC5",,,,,"Female","No","College or university degree","Yes","I have taken 1 or 2 philosophy courses"
"AOHE56L0POV6","nahmias2007_v1","3CTOC39K37RSHGAJTHEWGWFF3VCJ7X","31","English","America","USA",,,,,
"A2TZAXWOB3JMNV","nahmias2007_v1","3UWN2HHPUY6AJ4LWWI4Z4USSZTUNSS","44","english","american","us",,,,,
"A36H3PO6JZD414","nahmias2007_v1","33FOTY3KEMMRYGPBU9G1SIB7AP31C4","51","english","american","USA",,,,,
"A1I3F99BZ6PWUN","nahmias2007_v1","3QHK8ZVMIMJLEI199J2P1DE3QA8BLD","37","English","American","USA",,,,,
"A14ADQ7RUN6TDY","nahmias2007_v1","3WQ3B2KGE8H8OBX5G9K6HY5PS43B17","68","English","USA","USA",,,,,
"AHV4U78TUUDKI","nahmias2007_v1","3KWTYT08704JP2K089BCYREBGEML5M","47","english","American","USA",,,,,
"A2E6YPCJHJOLRD
","nahmias2007_v1","3KJYX6QCM9CUS6BFBFHCMAVIPDJJVP","30","English","USA","USA",,,,,
"A2AZ2MBFHZ49EY","nahmias2007_v1","3OLQQLKKNSQDQVPTGPS2M67WPIGJEJ",,,,,"Female","No","High school","No"," I have never taken any philosophy course"
"A19WXS1CLVLEEX","nahmias2007_v1","3OONKJ5DKCKTK346MBIHTUIXLFDBOU","63","English","American","USA",,,,,
"A36H3PO6JZD414","nahmias2007_v1","33FOTY3KEMMRYGPBU9G1SIB7AP31C4",,,,,"Male","No","High school","No"," I have never taken any philosophy course"
"A1I3F99BZ6PWUN","nahmias2007_v1","3QHK8ZVMIMJLEI199J2P1DE3QA8BLD",,,,,"Female","No","College or university degree","No"," I have never taken any philosophy course"
"A2TZAXWOB3JMNV","nahmias2007_v1","3UWN2HHPUY6AJ4LWWI4Z4USSZTUNSS",,,,,"Female","No","Some college or university","Yes","I have taken 1 or 2 philosophy courses"
"A1APEQX73PO1HK","nahmias2007_v1","3X3OR7WPZZ12CK3267IFABO2I4NL8O",,,,,"Female","No","College or university degree","No"," I have never taken any philosophy course"
"AOHE56L0POV6","nahmias2007_v1","3CTOC39K37RSHGAJTHEWGWFF3VCJ7X",,,,,"Female","No","College or university degree","Yes","I have taken more than 2 philosophy courses, but philosophy is (or was) not the discipline I was (am) trained in"
"A2E6YPCJHJOLRD
","nahmias2007_v1","3KJYX6QCM9CUS6BFBFHCMAVIPDJJVP",,,,,"Male","Yes","College or university degree","Yes","I have taken 1 or 2 philosophy courses"
"A3TYWTLNIKKD29","nahmias2007_v1","3D8YOU6S9ELIRW78M6DIHKOUP0Q6UH",,,,,"Female","No","College or university degree","No"," I have never taken any philosophy course"
"AHV4U78TUUDKI","nahmias2007_v1","3KWTYT08704JP2K089BCYREBGEML5M",,,,,"Male","No","Graduate degree, Masters","No"," I have never taken any philosophy course"
"A1BWR5RBQDZQ16","nahmias2007_v1","3K2755HG5S4STNPX14QX1QXJWZYDFH","36","english","american","USA",,,,,
"A1Y2WG07T3S64F","nahmias2007_v1","38SKSKU7R1YV1QFFFTU6N0IGL0SLIW","41","English","American","United States of America",,,,,
"A14ADQ7RUN6TDY","nahmias2007_v1","3WQ3B2KGE8H8OBX5G9K6HY5PS43B17",,,,,"Male","No","Some college or university","Yes","I have taken 1 or 2 philosophy courses"
"A19WXS1CLVLEEX","nahmias2007_v1","3OONKJ5DKCKTK346MBIHTUIXLFDBOU",,,,,"Male","No","Some college or university","No"," I have never taken any philosophy course"
"APDDA1Y59RHV9","nahmias2007_v1","33CKWXB73JL7BDFDECRHBMSG6SC11E","54","English","American","United States of American",,,,,
"A3HOBJ4PJUOCUN","nahmias2007_v1","3P1L2B7AD1Q5XCQIDO7B7XE2X9ROLU","57","English","Caucasian","USA",,,,,
"A29PB2C8XD8TVG","nahmias2007_v1","3IRIK4HM3ALM52Q80FSINE2OI0J6C7","54","english","usa","usa",,,,,
"A3P0P0DRSOX52W","nahmias2007_v1","3K772S5NP8CHZPU3SPPHATRHCQCEH9","53","English","UK","USA",,,,,
"A1BWR5RBQDZQ16","nahmias2007_v1","3K2755HG5S4STNPX14QX1QXJWZYDFH",,,,,"Male","No","College or university degree","No"," I have never taken any philosophy course"
"A3HOBJ4PJUOCUN","nahmias2007_v1","3P1L2B7AD1Q5XCQIDO7B7XE2X9ROLU",,,,,"Female","No","High school","No"," I have never taken any philosophy course"
"A1Y2WG07T3S64F","nahmias2007_v1","38SKSKU7R1YV1QFFFTU6N0IGL0SLIW",,,,,"Female","No","Graduate degree, Masters","Yes","I have taken 1 or 2 philosophy courses"
"A29PB2C8XD8TVG","nahmias2007_v1","3IRIK4HM3ALM52Q80FSINE2OI0J6C7",,,,,"Male","No","Graduate degree, Masters","No"," I have never taken any philosophy course"
"A389GJDJ0ARZTO","nahmias2007_v1","32Q90QCQ1SM81FVBYASENL7947GKEJ","46","English","Caucasian","United States ",,,,,
"APDDA1Y59RHV9","nahmias2007_v1","33CKWXB73JL7BDFDECRHBMSG6SC11E",,,,,"Female","No","College or university degree","No"," I have never taken any philosophy course"
"A3P0P0DRSOX52W","nahmias2007_v1","3K772S5NP8CHZPU3SPPHATRHCQCEH9",,,,,"Male","No","Graduate degree, Masters","Yes","I have taken 1 or 2 philosophy courses"
"A369VZD291G1GL","nahmias2007_v1","3W92K5RLWUIML7WUMDDIL0CD7CO5VP","44","english","white","USA",,,,,
"A259AUMRD85UWF","nahmias2007_v1","3LRLIPTPEQA5B2EZI5QSR2HIJSIKAO","25","english","american","usa",,,,,
"A1CGGZRO2JUQUG","nahmias2007_v1","3ERMJ6L4DYTIIOG4WEROWO7W7P7M74","45","English","American","United States",,,,,
"A3Q4B9ETM3RUS3","nahmias2007_v1","3H8DHMCCW9C399HB2FHUH3PO4VFDKJ","37","english","american","usa",,,,,
"A389GJDJ0ARZTO","nahmias2007_v1","32Q90QCQ1SM81FVBYASENL7947GKEJ",,,,,"Male","No","Some college or university","Yes","I have taken 1 or 2 philosophy courses"
"AIM3PIK90V9HX","nahmias2007_v1","3FTF2T8WLRJI1JYBFDVVJI0T0H9W9H","38","english","american","usa",,,,,
"A1CGGZRO2JUQUG","nahmias2007_v1","3ERMJ6L4DYTIIOG4WEROWO7W7P7M74",,,,,"Female","No","Some college or university","No"," I have never taken any philosophy course"
"A369VZD291G1GL","nahmias2007_v1","3W92K5RLWUIML7WUMDDIL0CD7CO5VP",,,,,"Female","Yes","Some college or university","Yes","I have taken 1 or 2 philosophy courses"
"A259AUMRD85UWF","nahmias2007_v1","3LRLIPTPEQA5B2EZI5QSR2HIJSIKAO",,,,,"Female","Yes","Some college or university",,"I have taken 1 or 2 philosophy courses"
"A3DFMWYTKJ57L","nahmias2007_v1","3K772S5NP8CHZPU3SPPHATRHCQCHEC","36","English","American/white","USA",,,,,
"A3Q4B9ETM3RUS3","nahmias2007_v1","3H8DHMCCW9C399HB2FHUH3PO4VFDKJ",,,,,"Male","No","Some college or university","No"," I have never taken any philosophy course"
"A3DFMWYTKJ57L","nahmias2007_v1","3K772S5NP8CHZPU3SPPHATRHCQCHEC",,,,,"Female","No","High school","No"," I have never taken any philosophy course"
"A3RS7UCO7CQ74R","nahmias2007_v1","386PBUZZXFYRW1ZLXBF6Z1XGYFHLJ8","29","English","USA","USA",,,,,
"AIM3PIK90V9HX","nahmias2007_v1","3FTF2T8WLRJI1JYBFDVVJI0T0H9W9H",,,,,"Female","No","College or university degree","Yes","I have taken 1 or 2 philosophy courses"
"A2531UD0IGT731","nahmias2007_v1","34FNN24DCMA3P1RZRO02SZG7PTQ5YY","34","english","american","United States",,,,,
"A3095ABT1L25QK","nahmias2007_v1","3COPXFW7XBDCY6K17O8PHX6DIEIKP4","38","english","Asian","United States of America",,,,,
"A21KXWKFWGBCZ3","nahmias2007_v1","3TPWUS5F892KZH5ERX5ML81162CWCY","33","English","American","USA",,,,,
"A2531UD0IGT731","nahmias2007_v1","34FNN24DCMA3P1RZRO02SZG7PTQ5YY",,,,,"Female","No","College or university degree","No"," I have never taken any philosophy course"
"A3RS7UCO7CQ74R","nahmias2007_v1","386PBUZZXFYRW1ZLXBF6Z1XGYFHLJ8",,,,,"Male","No","Some college or university","Yes","I have taken 1 or 2 philosophy courses"
"A3095ABT1L25QK","nahmias2007_v1","3COPXFW7XBDCY6K17O8PHX6DIEIKP4",,,,,"Male","No","Some college or university","No"," I have never taken any philosophy course"
"A47N8CFWDAXNH","nahmias2007_v1","3FIUS151DV31J7VJEEXNPW0SA6EGGT","37","English","American","United States",,,,,
" A3SOJWB6AZWZV9","nahmias2007_v1","37TRT2X24QSFJSD96YQCLY1BML3JBJ","61","english","american","usa",,,,,
"a1xbesavy145f4","nahmias2007_v1","31Q0U3WYDPGLMZUF3S8QCWJT9EC17B","56","English","black","United State",,,,,
" A3SOJWB6AZWZV9","nahmias2007_v1","37TRT2X24QSFJSD96YQCLY1BML3JBJ",,,,,"Male","Yes","College or university degree","Yes","I have taken 1 or 2 philosophy courses"
"A47N8CFWDAXNH","nahmias2007_v1","3FIUS151DV31J7VJEEXNPW0SA6EGGT",,,,,"Male","Yes","High school","No"," I have never taken any philosophy course"
"A21KXWKFWGBCZ3","nahmias2007_v1","3TPWUS5F892KZH5ERX5ML81162CWCY",,,,,"Female","Yes","Graduate degree, Masters","Yes","I have taken 1 or 2 philosophy courses"
"A144N9R7W4H67O","nahmias2007_v1","3L0KT67Y8EH4V3PA3KDALAQZ3DYYST","27","english","American","USA",,,,,
"a1xbesavy145f4","nahmias2007_v1","31Q0U3WYDPGLMZUF3S8QCWJT9EC17B",,,,,"Female","No","High school","No"," I have never taken any philosophy course"
"A333BXH5ATXBHC","nahmias2007_v1","3TR2532VIPV9DGWEA794AIFJ8KSJ6Y","23","English","USA","USA",,,,,
"A333BXH5ATXBHC","nahmias2007_v1","3TR2532VIPV9DGWEA794AIFJ8KSJ6Y",,,,,"Female","No","College or university degree","Yes","I have taken more than 2 philosophy courses, but philosophy is (or was) not the discipline I was (am) trained in"
"A144N9R7W4H67O","nahmias2007_v1","3L0KT67Y8EH4V3PA3KDALAQZ3DYYST",,,,,"Male","No","High school","No"," I have never taken any philosophy course"
"A3180VXVP8MOIH
A3180VXVP8MOIH
A3180VXVP8MOIH
A3180VXVP8MOIH","nahmias2007_v1","39LNWE0K4UXYKG29O7M7ENEZYRLIUN","31","English","United States","United States",,,,,
"A1ZRAXU8G2ORCF","nahmias2007_v1","3YWRV122CS05VAQWFLAG1YKLVVGU8R","43","english","america","us",,,,,
"AEQ95NMC3VXQ5","nahmias2007_v1","3SBEHTYCWN4F1PMEY8JWH8KCUFWIYL","62","English","US American","United States",,,,,
"AZFON83L6QYWJ","nahmias2007_v1","3XC1O3LBOSNLA4VQ95TA17KPWH8TLL","26","English","American","USA",,,,,
"A27O2IILV3S5YS","nahmias2007_v1","3SB4CE2TJVWBV2D6HO5HHWPKF1XAX3","32","english","USA","USA",,,,,
"A1ZRAXU8G2ORCF","nahmias2007_v1","3YWRV122CS05VAQWFLAG1YKLVVGU8R",,,,,"Female","No","College or university degree","Yes","I have taken 1 or 2 philosophy courses"
"AEQ95NMC3VXQ5","nahmias2007_v1","3SBEHTYCWN4F1PMEY8JWH8KCUFWIYL",,,,,"Female","No","Some college or university","No"," I have never taken any philosophy course"
"A3180VXVP8MOIH
A3180VXVP8MOIH
A3180VXVP8MOIH
A3180VXVP8MOIH","nahmias2007_v1","39LNWE0K4UXYKG29O7M7ENEZYRLIUN",,,,,"Female","No","Graduate degree, Masters","Yes","I have taken 1 or 2 philosophy courses"
"AZFON83L6QYWJ","nahmias2007_v1","3XC1O3LBOSNLA4VQ95TA17KPWH8TLL",,,,,"Female","No","College or university degree","No"," I have never taken any philosophy course"
"A27O2IILV3S5YS","nahmias2007_v1","3SB4CE2TJVWBV2D6HO5HHWPKF1XAX3",,,,,"Female","No","College or university degree","No"," I have never taken any philosophy course"
"AS3NVQVA4OC91","nahmias2007_v1","3VNXK88KKCJ5MUY6P3QZXGHFT889VL","38","English","American","USA",,,,,
"A3JT22BLG866CK","nahmias2007_v1","3KXIR214I4HVSXUSKYAXE39OAI042B","34","English","American","United States",,,,,
"A1DVNAQ217BZJF","nahmias2007_v1","3SEPORI8WN000XDLI6T2EH5VN1VZAP","58","English","American","USA",,,,,
"A1UW0C6QZOT3E7","nahmias2007_v1","3OJSZ2ATDSXKAHVY4FA2FMWALUI750","49","English","United States","United States",,,,,
"A1A8VMLJFFGCB6","nahmias2007_v1","3OE22WJIGIPB1EQS1FRGNP5LP12QUY","34","English","Asian","United States",,,,,
"AS3NVQVA4OC91","nahmias2007_v1","3VNXK88KKCJ5MUY6P3QZXGHFT889VL",,,,,"Female","No","High school","No"," I have never taken any philosophy course"
"A3JT22BLG866CK","nahmias2007_v1","3KXIR214I4HVSXUSKYAXE39OAI042B",,,,,"Male","No","Graduate degree, Masters","No"," I have never taken any philosophy course"
"A3LT7W355XOAKF","nahmias2007_v1","323Q6SJS8IH953UZN09NSBCHORRHFU","60","English","United States (White)","United States",,,,,
"A1A8VMLJFFGCB6","nahmias2007_v1","3OE22WJIGIPB1EQS1FRGNP5LP12QUY",,,,,"Male","No","College or university degree","No"," I have never taken any philosophy course"
"A171S8E9IFSHH2","nahmias2007_v1","3X87C8JFV6CVM1YOCAWG8ONX44HSQK","30","english","united states","united states",,,,,
"A1DVNAQ217BZJF","nahmias2007_v1","3SEPORI8WN000XDLI6T2EH5VN1VZAP",,,,,"Female","No","Graduate degree, Masters","Yes","I have taken more than 2 philosophy courses, but philosophy is (or was) not the discipline I was (am) trained in"
"A171S8E9IFSHH2","nahmias2007_v1","3X87C8JFV6CVM1YOCAWG8ONX44HSQK",,,,,"Male","Yes","College or university degree","No"," I have never taken any philosophy course"
"A1UW0C6QZOT3E7","nahmias2007_v1","3OJSZ2ATDSXKAHVY4FA2FMWALUI750",,,,,"Male","No","Graduate degree, Masters","Yes","I have taken more than 2 philosophy courses, but philosophy is (or was) not the discipline I was (am) trained in"
"A21SIPO89DP66I","nahmias2007_v1","3TOK3KHVJTJ6IR1G9U61OSW12PMO7L","36","english","American","United States of America",,,,,
"A2HM5WU1XILZJ1","nahmias2007_v1","3ZAZR5XV01JOTCAJ2KPTKCVJN4GZCR","45","ENGLISH","AMERICAN","USA",,,,,
"A1YPKT2UPUQ464","nahmias2007_v1","3ATPCQ38J8B0V73GMKRJ0AWTH7RAY9","61","English","USA","USA",,,,,
"A1MAAPY9K1G1YR","nahmias2007_v1","3R08VXYT7CWEN0AI0GXB5M9N5RLW75","36","english","american","usa",,,,,
"A3LT7W355XOAKF","nahmias2007_v1","323Q6SJS8IH953UZN09NSBCHORRHFU",,,,,"Male","No","College or university degree","Yes","I have taken 1 or 2 philosophy courses"
"A21SIPO89DP66I","nahmias2007_v1","3TOK3KHVJTJ6IR1G9U61OSW12PMO7L",,,,,"Male","No","Some college or university","No"," I have never taken any philosophy course"
"A2A6FH0F7LD9ND","nahmias2007_v1","3AUQQEL7U5UNQ0ATP77645GMQ4D0VZ","54","english","american","usa",,,,,
"A1YPKT2UPUQ464","nahmias2007_v1","3ATPCQ38J8B0V73GMKRJ0AWTH7RAY9",,,,,"Female","No","College or university degree","Yes","I have taken 1 or 2 philosophy courses"
"A1DS5O8MSI3ZH0","nahmias2007_v1","3VHHR074H3IYC6YJW2Q9WBS77KHL71","40","English","American","USA",,,,,
"AUFCDVUFACLF1","nahmias2007_v1","33PPUNGG386SZEZ2KHFO97U5N5JZRX","30","English","American","United States",,,,,
"A3V8863KF3SK4A","nahmias2007_v1","3P4MQ7TPPXD919FXI6DVNAIYEGVBBR","31","english","usa","usa",,,,,
"A3L5M80U6TSFJO
","nahmias2007_v1","31UV0MXWNQDHZ1CUN6EZ6BMJZAT5IT","42","english","United States","United States",,,,,
"A1V0L5FYLMAHTG","nahmias2007_v1","3B837J3LDOXVY2DOPPLGDEX20QJRSK","61","English","American","United States of America",,,,,
"A3CAK26YRNTXDB","nahmias2007_v1","3O6CYIULED2GLBMEDOQMFEN7D2JUW6","34","english","us","us",,,,,
"A1MAAPY9K1G1YR","nahmias2007_v1","3R08VXYT7CWEN0AI0GXB5M9N5RLW75",,,,,"Female","Yes","Some college or university","No"," I have never taken any philosophy course"
"A2A6FH0F7LD9ND","nahmias2007_v1","3AUQQEL7U5UNQ0ATP77645GMQ4D0VZ",,,,,"Female","No","Some college or university","No"," I have never taken any philosophy course"
"A1DS5O8MSI3ZH0","nahmias2007_v1","3VHHR074H3IYC6YJW2Q9WBS77KHL71",,,,,"Male","No","College or university degree","No"," I have never taken any philosophy course"
"A3L5M80U6TSFJO
","nahmias2007_v1","31UV0MXWNQDHZ1CUN6EZ6BMJZAT5IT",,,,,"Female","No","Some college or university","No"," I have never taken any philosophy course"
"A3V8863KF3SK4A","nahmias2007_v1","3P4MQ7TPPXD919FXI6DVNAIYEGVBBR",,,,,"Female","No","Graduate degree, Masters","Yes","I have taken 1 or 2 philosophy courses"
"A33921T4I2XIRS","nahmias2007_v1","3DBQWDE4Y6Z9D2NLKMRRBJI0L9N5N9","49","English","American","USA",,,,,
"A2QR0C2XFOT2KM
","nahmias2007_v1","3QAVNHZ3EM5GV8WH352T62UX8SNALH","37","English","American","USA",,,,,
"AUFCDVUFACLF1","nahmias2007_v1","33PPUNGG386SZEZ2KHFO97U5N5JZRX",,,,,"Male","No","Some college or university","No"," I have never taken any philosophy course"
"A1V0L5FYLMAHTG","nahmias2007_v1","3B837J3LDOXVY2DOPPLGDEX20QJRSK",,,,,"Female","No","College or university degree","No"," I have never taken any philosophy course"
"A3CAK26YRNTXDB","nahmias2007_v1","3O6CYIULED2GLBMEDOQMFEN7D2JUW6",,,,,"Female","Yes","Graduate degree, Masters","No"," I have never taken any philosophy course"
"A3FY7A6Z3EVNRX","nahmias2007_v1","3C6FJU71TQUKAGHESP8A0B8NOAJYU9","40","English","American","USA",,,,,
"A33921T4I2XIRS","nahmias2007_v1","3DBQWDE4Y6Z9D2NLKMRRBJI0L9N5N9",,,,,"Male","No","College or university degree","Yes","I have taken 1 or 2 philosophy courses"
"A1CIIX0CB0GR7H","nahmias2007_v1","3XIQGXAUMC9TC0F8ALTX75NUETRX7Z","39","English","American","United States",,,,,
"A2HM5WU1XILZJ1","nahmias2007_v1","3ZAZR5XV01JOTCAJ2KPTKCVJN4GZCR",,,,,"Female","No","College or university degree","Yes","I have taken 1 or 2 philosophy courses"
"A3FY7A6Z3EVNRX","nahmias2007_v1","3C6FJU71TQUKAGHESP8A0B8NOAJYU9",,,,,"Female","No","College or university degree","No"," I have never taken any philosophy course"
"A2QR0C2XFOT2KM
","nahmias2007_v1","3QAVNHZ3EM5GV8WH352T62UX8SNALH",,,,,"Female","No","High school","No"," I have never taken any philosophy course"
"A1CIIX0CB0GR7H","nahmias2007_v1","3XIQGXAUMC9TC0F8ALTX75NUETRX7Z",,,,,"Male","No","Some college or university","No"," I have never taken any philosophy course"
"A2E2UARVOVDR9Y","nahmias2007_v1","308XBLVESI5WHGWME3ZLNPN2W2XBR3","33","english","american","usa",,,,,
"A2LFT9N17HS9FX","nahmias2007_v1","3RWE2M8QWHBAIV1KNGLFUOM941BN05","25","ENGLISH","AMERICAN","USA",,,,,
"A2E2UARVOVDR9Y","nahmias2007_v1","308XBLVESI5WHGWME3ZLNPN2W2XBR3",,,,,"Male","No","High school","No"," I have never taken any philosophy course"
"AJE4T0YI8EUOB","nahmias2007_v1","3DIP6YHAPCTO6ETAPLVBXGYI97N8EP","39","english",,"usa",,,,,
"A3UVZZSK15KNPK","nahmias2007_v1","3TVRFO09GKGSRL4AEFU7QA5V9DWXL8","31","english","us","us",,,,,
"A2LFT9N17HS9FX","nahmias2007_v1","3RWE2M8QWHBAIV1KNGLFUOM941BN05",,,,,"Male","No","High school","No"," I have a PhD in philosophy"
"A3UVZZSK15KNPK","nahmias2007_v1","3TVRFO09GKGSRL4AEFU7QA5V9DWXL8",,,,,"Female","Yes","Some college or university","Yes","I have taken 1 or 2 philosophy courses"
"AJE4T0YI8EUOB","nahmias2007_v1","3DIP6YHAPCTO6ETAPLVBXGYI97N8EP",,,,,"Female","No","Graduate degree, Masters","Yes","I have taken more than 2 philosophy courses, but philosophy is (or was) not the discipline I was (am) trained in"
"A3F7TD3W9043EO","nahmias2007_v1","3M0NZ3JDP1Z3UR14NA2L66P9VNV5ZQ","45","english","american","United States of America",,,,,
"A2FPCCVXZWHGZF","nahmias2007_v1","37Q970SNZE975XE7RV617NFPWSQ1SZ","47","ENGLISH","AMERICAN","USA",,,,,
"A3F7TD3W9043EO","nahmias2007_v1","3M0NZ3JDP1Z3UR14NA2L66P9VNV5ZQ",,,,,"Female","No","College or university degree","Yes","I have taken 1 or 2 philosophy courses"
"A2L73JKDFWI0KJ","nahmias2007_v1","3TUI152ZZBOVSHZUZRHWCN0OE44Q1Y","59","English","American","USA",,,,,
"A2FPCCVXZWHGZF","nahmias2007_v1","37Q970SNZE975XE7RV617NFPWSQ1SZ",,,,,"Female","No","College or university degree","No"," I have never taken any philosophy course"
"A1PBRKFHSF1OF8","nahmias2007_v1","3WMINLGALB4NS42BQS9U3J4AEJACA4","32","English","USA","USA",,,,,
"A1JQE1NJI0GDZE","nahmias2007_v1","3NJM2BJS4W7UF88DFBRRTET5D5ACPK","36","English","American","United States",,,,,
"A238LS8I9J2V78","nahmias2007_v1","33FOTY3KEMMRYGPBU9G1SIB7AP3C1F","32","English","Hispanic","USA",,,,,
"A1PBRKFHSF1OF8","nahmias2007_v1","3WMINLGALB4NS42BQS9U3J4AEJACA4",,,,,"Female","No","College or university degree","No"," I have never taken any philosophy course"
"A238LS8I9J2V78","nahmias2007_v1","33FOTY3KEMMRYGPBU9G1SIB7AP3C1F",,,,,"Female","No","High school","No"," I have never taken any philosophy course"
"A1JQE1NJI0GDZE","nahmias2007_v1","3NJM2BJS4W7UF88DFBRRTET5D5ACPK",,,,,"Female","No","College or university degree","No"," I have never taken any philosophy course"
"A2L73JKDFWI0KJ","nahmias2007_v1","3TUI152ZZBOVSHZUZRHWCN0OE44Q1Y",,,,,"Female","No","Some college or university","Yes","I have taken 1 or 2 philosophy courses"
"A31KV6ETEFLOEM","nahmias2007_v1","3UN61F00HWQUS0FDDT88K3NAM6C5RX","33","english","American","USA",,,,,
"A3JODCUHJMCSA2","nahmias2007_v1","3MX2NQ3YC9VEPW1PMSE09L9YNNW5XS","31","English","American","USA",,,,,
"A1VFELICRRHB56","nahmias2007_v1","3HOSI13XHZPVV3B1AYV7DQUYKMIDD6","31","English","American","USA",,,,,
"A3JODCUHJMCSA2","nahmias2007_v1","3MX2NQ3YC9VEPW1PMSE09L9YNNW5XS",,,,,"Female","No","College or university degree","No"," I have never taken any philosophy course"
"A35TTZLWEA1OOF","nahmias2007_v1","3M0BCWMB8VX1PCD8DX9RAOVJOHCBW6","23","English","American","USA",,,,,
"A31KV6ETEFLOEM","nahmias2007_v1","3UN61F00HWQUS0FDDT88K3NAM6C5RX",,,,,"Female","No","College or university degree","No"," I have never taken any philosophy course"
"A1VFELICRRHB56","nahmias2007_v1","3HOSI13XHZPVV3B1AYV7DQUYKMIDD6",,,,,"Male","No","Some college or university","Yes","I have taken 1 or 2 philosophy courses"
"A35TTZLWEA1OOF","nahmias2007_v1","3M0BCWMB8VX1PCD8DX9RAOVJOHCBW6",,,,,"Male","Yes","College or university degree","Yes","I have taken more than 2 philosophy courses, but philosophy is (or was) not the discipline I was (am) trained in"
"A2FI2VTA8JVYS6","nahmias2007_v1","336YQZE83VF3VK2L8LCRY4T0GJC5M8","33","english","us","us",,,,,
"A2FI2VTA8JVYS6","nahmias2007_v1","336YQZE83VF3VK2L8LCRY4T0GJC5M8",,,,,"Male","No","College or university degree","No"," I have never taken any philosophy course"
"APTOOB8S2PLJ4","nahmias2007_v1","3R6P78PK7KC5OCHPYEWUOFFH00NTGG","24","English","Irish","USA",,,,,
"A1OZPLHNIU1519","nahmias2007_v1","3EWIJTFFVO86OPO7UHIW41S0Q9B0EU","54","English","USA","USA",,,,,
"AMDX0UNZS4A1G","nahmias2007_v1","3A1COHJ8NJW0QOKCFM3HIJVV1NEH8D","26","English","American","United States of America",,,,,
"A2VOADROWMC2ZM","nahmias2007_v1","358010RM5EUVNQG4SJWDDJ3X0BYXVR","64","English","American","USA",,,,,
"A2XMO68T3BJFFA","nahmias2007_v1","3K5TEWLKGVCYXVR9TXWCA9GICYUIVC","34","English","American","USA",,,,,
"APTOOB8S2PLJ4","nahmias2007_v1","3R6P78PK7KC5OCHPYEWUOFFH00NTGG",,,,,"Male","No","College or university degree","Yes","I have taken 1 or 2 philosophy courses"
"A1OZPLHNIU1519","nahmias2007_v1","3EWIJTFFVO86OPO7UHIW41S0Q9B0EU",,,,,"Male","No","Some college or university","No"," I have never taken any philosophy course"
"A2XMO68T3BJFFA","nahmias2007_v1","3K5TEWLKGVCYXVR9TXWCA9GICYUIVC",,,,,"Male","No","College or university degree","Yes","I have taken 1 or 2 philosophy courses"
"A1R37XA9QPSIAN","nahmias2007_v1","3X66WABAJWJ0PVJVJZQ362BJ61AG3M","61","English","USA","USA",,,,,
"A2VOADROWMC2ZM","nahmias2007_v1","358010RM5EUVNQG4SJWDDJ3X0BYXVR",,,,,"Female","No","College or university degree","Yes","I have taken 1 or 2 philosophy courses"
"A3VQP1UC7BA3YU","nahmias2007_v1","3JNQLM5FT4NRQ51DQQ9E0KBZW4WL2M","58","english","usa","usa",,,,,
"AMDX0UNZS4A1G","nahmias2007_v1","3A1COHJ8NJW0QOKCFM3HIJVV1NEH8D",,,,,"Male","No","College or university degree","Yes","I have taken 1 or 2 philosophy courses"
"A3OB6REG5CGHK1","nahmias2007_v1","3RXCAC0YIRQMQSP1VGLZXJJUMN1G8D","56","english","USA","USA",,,,,
"AOMTL7RWZTP3Z","nahmias2007_v1","3PQMUDRV7R7TBP79UQXTVKQO4WZIIG","32","english","american","United States",,,,,
"A1R37XA9QPSIAN","nahmias2007_v1","3X66WABAJWJ0PVJVJZQ362BJ61AG3M",,,,,"Male","No","Some college or university","No"," I have never taken any philosophy course"
"A25FH7PXC446RG","nahmias2007_v1","3WS1NTTKEYDYU3O3PS22MJD02AQ0FC","50","english","american","united states",,,,,
"A3IR7DFEKLLLO","nahmias2007_v1","3OVHNO1VE62YY4GX2GK44ID184SZDR","40","English","United States","United States",,,,,
"A1FEJGR8EU4TXD","nahmias2007_v1","3RWE2M8QWHBAIV1KNGLFUOM941C0NJ","63","english","US","USA",,,,,
"A3OB6REG5CGHK1","nahmias2007_v1","3RXCAC0YIRQMQSP1VGLZXJJUMN1G8D",,,,,"Male","No","College or university degree","No"," I have never taken any philosophy course"
"A3VQP1UC7BA3YU","nahmias2007_v1","3JNQLM5FT4NRQ51DQQ9E0KBZW4WL2M",,,,,"Female","No","College or university degree","Yes","I have taken 1 or 2 philosophy courses"
"AOMTL7RWZTP3Z","nahmias2007_v1","3PQMUDRV7R7TBP79UQXTVKQO4WZIIG",,,,,"Male","No","College or university degree","Yes","I have taken 1 or 2 philosophy courses"
"A3IR7DFEKLLLO","nahmias2007_v1","3OVHNO1VE62YY4GX2GK44ID184SZDR",,,,,"Male","No","College or university degree","Yes","I have taken 1 or 2 philosophy courses"
"A1FEJGR8EU4TXD","nahmias2007_v1","3RWE2M8QWHBAIV1KNGLFUOM941C0NJ",,,,,"Male","No","Graduate degree, Masters","No"," I have never taken any philosophy course"
"A25FH7PXC446RG","nahmias2007_v1","3WS1NTTKEYDYU3O3PS22MJD02AQ0FC",,,,,"Female","No","College or university degree","No"," I have never taken any philosophy course"
"A10LGIY5HFYMZM","nahmias2007_v1","3AWETUDC92TF6FWJUULFVFTE091IZD","58","ENGLISH","AMERICAN","USA",,,,,
"undefined","nahmias2007_v1","3R0T90IZ1SDO2VFECS14Z5FDCEMGCJ","27","english","puertorican","usa",,,,,
"AJD3JOWNVDZD1","nahmias2007_v1","3E337GFOL997TZC51IAIFG9PBI1GN2","51","English","white","USA",,,,,
"A10LGIY5HFYMZM","nahmias2007_v1","3AWETUDC92TF6FWJUULFVFTE091IZD",,,,,"Male","No","High school","Yes","I have taken 1 or 2 philosophy courses"
"AVD6HMIO1HLFI","nahmias2007_v1","34Z02EIMISE8D864KC7R3NS1TJX0TJ","28","English","USA","USA",,,,,
"AVD6HMIO1HLFI","nahmias2007_v1","34Z02EIMISE8D864KC7R3NS1TJX0TJ",,,,,"Male","No","High school","No"," I have never taken any philosophy course"
"AJD3JOWNVDZD1","nahmias2007_v1","3E337GFOL997TZC51IAIFG9PBI1GN2",,,,,"Female","No","High school","No"," I have never taken any philosophy course"
"undefined","nahmias2007_v1","3R0T90IZ1SDO2VFECS14Z5FDCEMGCJ",,,,,"Male","No","College or university degree",," I have never taken any philosophy course"
"AI9NJ89EXVDY1","nahmias2007_v1","3VFJCI1K4Z0S8X4XUPRZO0EZCFQRG1","35","English","United States","United States",,,,,
"AI9NJ89EXVDY1","nahmias2007_v1","3VFJCI1K4Z0S8X4XUPRZO0EZCFQRG1",,,,,"Male","No","Graduate degree, Masters","No"," I have never taken any philosophy course"
"A8U2QYZZ7808R","nahmias2007_v1","3QUO65DNQUP8G2DCM2ZCYKALA0LOUP","29","English","American","United States",,,,,
"A8U2QYZZ7808R","nahmias2007_v1","3QUO65DNQUP8G2DCM2ZCYKALA0LOUP",,,,,"Female","No","College or university degree","Yes","I have taken 1 or 2 philosophy courses"
"A27QUVSOUJZD8J","nahmias2007_v1","3K772S5NP8CHZPU3SPPHATRHCQDEHA","28","English","American","United States",,,,,
"AV182SXSO370E","nahmias2007_v1","36NEMU28XFEX83H54MZ0O46D0GHWMH","43","English","Caucasian","USA",,,,,
"A2OHGSJXE6X2MT","nahmias2007_v1","3RANCT1ZVFIOX8O3IXUQS0AM312BU8","24","English","American","United States",,,,,
"AEXF5EUX32U0M","nahmias2007_v1","38F71OA9GTXVXHVAEXP0KGKD5DRMF9","34","English","American","United States",,,,,
"A2TZRIS9XFZ18U
A2TZRIS9XFZ18U","nahmias2007_v1","3YT88D1N08Z5RHFE9QBI4U3CDIR3KC","27","English","American","United States",,,,,
"A2S5R3HVLUEI8N","nahmias2007_v1","3FQ5JJ512LPCVL8OR9VXD81IIZIKN9","57","swedish","swedish","USA",,,,,
"AEXF5EUX32U0M","nahmias2007_v1","38F71OA9GTXVXHVAEXP0KGKD5DRMF9",,,,,"Female","No","Some college or university","No"," I have never taken any philosophy course"
"AGDXLQTF1S2L1","nahmias2007_v1","3G5F9DBFOPYY10GPNFERAXF3CLFHVI","51","english","american","usa",,,,,
"A27QUVSOUJZD8J","nahmias2007_v1","3K772S5NP8CHZPU3SPPHATRHCQDEHA",,,,,"Female","No","High school","No"," I have never taken any philosophy course"
"AFHYKBNXB3FQ2","nahmias2007_v1","3X4MXAO0BGPO5JUX9UVHA30N63FWR4","28","English","American","USA",,,,,
"A2TZRIS9XFZ18U
A2TZRIS9XFZ18U","nahmias2007_v1","3YT88D1N08Z5RHFE9QBI4U3CDIR3KC",,,,,"Female","No","Some college or university","No"," I have never taken any philosophy course"
"AV182SXSO370E","nahmias2007_v1","36NEMU28XFEX83H54MZ0O46D0GHWMH",,,,,"Female","Yes","College or university degree","Yes","I have taken 1 or 2 philosophy courses"
"A2OHGSJXE6X2MT","nahmias2007_v1","3RANCT1ZVFIOX8O3IXUQS0AM312BU8",,,,,"Male","No","Some college or university","No"," I have never taken any philosophy course"
"AFHYKBNXB3FQ2","nahmias2007_v1","3X4MXAO0BGPO5JUX9UVHA30N63FWR4",,,,,"Male","Yes","College or university degree","No"," I have never taken any philosophy course"
"A3K0FR8723IKPX","nahmias2007_v1","3EA3QWIZ4IWJK3NKO2WX9RSXFDFITX","45","English","U.S. Citizen","United States",,,,,
"A2S5R3HVLUEI8N","nahmias2007_v1","3FQ5JJ512LPCVL8OR9VXD81IIZIKN9",,,,,"Male","No","High school","No"," I have never taken any philosophy course"
"A370JTCOPKFXBB","nahmias2007_v1","30BXRYBRP4YBGPGUDPJNWZYHJUIWH8","46","english","american","united states",,,,,
"A3K0FR8723IKPX","nahmias2007_v1","3EA3QWIZ4IWJK3NKO2WX9RSXFDFITX",,,,,"Male","No","College or university degree","Yes","I have taken 1 or 2 philosophy courses"
"A2BVUVKIS50IR8","nahmias2007_v1","333U7HK6I9G8YPBTKUHIGOPBP6FDJK","42","English","American","USA",,,,,
"AGDXLQTF1S2L1","nahmias2007_v1","3G5F9DBFOPYY10GPNFERAXF3CLFHVI",,,,,"Male","No","College or university degree","Yes","I have taken 1 or 2 philosophy courses"
"A1PE5AT62CBGS4","nahmias2007_v1","3PPTZCWALQLSNDK272QO4HK0RJIZQX","42","English","USA","USA",,,,,
"A2H89JLHUKPMIS","nahmias2007_v1","3KXIR214I4HVSXUSKYAXE39OAI224B","72","English","American","United States",,,,,
"A370JTCOPKFXBB","nahmias2007_v1","30BXRYBRP4YBGPGUDPJNWZYHJUIWH8",,,,,"Male","No","Some college or university","No"," I have never taken any philosophy course"
"A1PE5AT62CBGS4","nahmias2007_v1","3PPTZCWALQLSNDK272QO4HK0RJIZQX",,,,,"Male","No","College or university degree","Yes","I have taken 1 or 2 philosophy courses"
"A3J0TW75N80W19","nahmias2007_v1","3QUO65DNQUP8G2DCM2ZCYKALA0LUOV","47","English","American","USA",,,,,
"A2Q0KK9YL1O7B6","nahmias2007_v1","38F5OAUN5NDWQAFT5HBB4JZ0Q3A7HI","43","english","american ","USA",,,,,
"A2H89JLHUKPMIS","nahmias2007_v1","3KXIR214I4HVSXUSKYAXE39OAI224B",,,,,"Female","No","College or university degree","Yes","I have taken 1 or 2 philosophy courses"
"A241PV6A122I5X","nahmias2007_v1","34X6J5FLPTZ2NYFYPGN2GNWA8L5QJ3","31","english","USA","USA",,,,,
"A2BVUVKIS50IR8","nahmias2007_v1","333U7HK6I9G8YPBTKUHIGOPBP6FDJK",,,,,"Female","Yes","College or university degree","Yes","I have taken more than 2 philosophy courses, but philosophy is (or was) not the discipline I was (am) trained in"
"A3J0TW75N80W19","nahmias2007_v1","3QUO65DNQUP8G2DCM2ZCYKALA0LUOV",,,,,"Female","No","College or university degree","No"," I have never taken any philosophy course"
"A241PV6A122I5X","nahmias2007_v1","34X6J5FLPTZ2NYFYPGN2GNWA8L5QJ3",,,,,"Female","No","College or university degree","No"," I have never taken any philosophy course"
"A2Q0KK9YL1O7B6","nahmias2007_v1","38F5OAUN5NDWQAFT5HBB4JZ0Q3A7HI",,,,,"Male","No","Graduate degree, Masters","Yes","I have taken 1 or 2 philosophy courses"
"A1RY1430LX76YA
A1RY1430LX76YA
A1RY1430LX76YA
A1RY1430LX76YA","nahmias2007_v1","3YGXWBAF70I8QFMUHRZ3QGIAM9EC4T","56","Urdu","Pakistani","USA",,,,,
"A14YLHFZLG6ZH0","nahmias2007_v1","3X4JMASXCMA8HMCNKQG63TMFNCZ0BV","46","English","United States","United States",,,,,
"A1JNTGGUOM3YCM","nahmias2007_v1","31EUONYN2V48TH2CRS9HU6C4O7UVOL","40","English","American","USA",,,,,
"A1SCY5EBEBGG7H","nahmias2007_v1","34HJIJKLP5X4POSU88U8G86Z7GV4VL","35","English","American","United States",,,,,
"A1JNTGGUOM3YCM","nahmias2007_v1","31EUONYN2V48TH2CRS9HU6C4O7UVOL",,,,,"Female","No","Some college or university","Yes","I have taken 1 or 2 philosophy courses"
"A14YLHFZLG6ZH0","nahmias2007_v1","3X4JMASXCMA8HMCNKQG63TMFNCZ0BV",,,,,"Female","No","College or university degree","No"," I have never taken any philosophy course"
"A1RY1430LX76YA
A1RY1430LX76YA
A1RY1430LX76YA
A1RY1430LX76YA","nahmias2007_v1","3YGXWBAF70I8QFMUHRZ3QGIAM9EC4T",,,,,"Female","No","College or university degree","No"," I have never taken any philosophy course"
"A1SCY5EBEBGG7H","nahmias2007_v1","34HJIJKLP5X4POSU88U8G86Z7GV4VL",,,,,"Female","No","Some college or university","No"," I have never taken any philosophy course"
"A26ZENZ5G8AEGM","nahmias2007_v1","39U1BHVTDLS4U0513ZPA5LQ8WVIT38","58","English","USA","USA",,,,,
"A26ZENZ5G8AEGM","nahmias2007_v1","39U1BHVTDLS4U0513ZPA5LQ8WVIT38",,,,,"Female","No","PhD","No"," I have never taken any philosophy course"
"A39GP79ULCP9J2","nahmias2007_v1","3N1FSUEFL51IV7S8HNUEAM0S79RD4V","52","English","USA","USA",,,,,
"ADUZ6RO42OM0T","nahmias2007_v1","3SNLUL3WO4O0AHAF9AJK636RFVGULE","35","english","white","united states",,,,,
"A2M84FXJDAMY24","nahmias2007_v1","36H9ULYP62V5W9PPB0C84OSW1JXFJZ","30","eglish","american","united states",,,,,
"A1RIFAQW7GPJO1","nahmias2007_v1","3J2UYBXQQLD2BAVSOZZYSD0N9BO60G","25","English","American","United States",,,,,
"A39GP79ULCP9J2","nahmias2007_v1","3N1FSUEFL51IV7S8HNUEAM0S79RD4V",,,,,"Female","No","College or university degree","Yes","I have taken more than 2 philosophy courses, but philosophy is (or was) not the discipline I was (am) trained in"
"AZNIEFUIVB2H0","nahmias2007_v1","39DD6S19JPC3QAUXYBVOA0VM8GUZEL","50","english","American","USA",,,,,
"ADUZ6RO42OM0T","nahmias2007_v1","3SNLUL3WO4O0AHAF9AJK636RFVGULE",,,,,"Female","No","High school","No"," I have never taken any philosophy course"
"A2M84FXJDAMY24","nahmias2007_v1","36H9ULYP62V5W9PPB0C84OSW1JXFJZ",,,,,"Male","Yes","Some college or university","No"," I have never taken any philosophy course"
"A1RIFAQW7GPJO1","nahmias2007_v1","3J2UYBXQQLD2BAVSOZZYSD0N9BO60G",,,,,"Female","No","Graduate degree, Masters","Yes","I have taken 1 or 2 philosophy courses"
"A1CUTQUSPA2DPU","nahmias2007_v1","3U8YCDAGXPHVLSEC38DWYIHE9C00Q7","41","English","American","US",,,,,
"AZNIEFUIVB2H0","nahmias2007_v1","39DD6S19JPC3QAUXYBVOA0VM8GUZEL",,,,,"Male","No","College or university degree","No"," I have never taken any philosophy course"
"A32QYANWMXW8EL","nahmias2007_v1","3MRNMEIQW57ETFZTNFTVW323TVKLDU","35","english","african american","usa",,,,,
"A1CUTQUSPA2DPU","nahmias2007_v1","3U8YCDAGXPHVLSEC38DWYIHE9C00Q7",,,,,"Male","No","College or university degree","No"," I have never taken any philosophy course"
"AM5FDAXM94Y45","nahmias2007_v1","3PXX5PX6LXZ4IZA5CSDZSZYSWYBBAX","61","English","US","US",,,,,
"A36793QL7HS6JB","nahmias2007_v1","3LJ7UR74RHERHJJL6H8H6RCMLDSN4M","56","English","American","USA",,,,,
"A32QYANWMXW8EL","nahmias2007_v1","3MRNMEIQW57ETFZTNFTVW323TVKLDU",,,,,"Female","No","Some college or university",," I have never taken any philosophy course"
"A3ELD23VP27XJ6","nahmias2007_v1","30H4UDGLT2J7OUK4S0L5WAYH7JEMPC","54","English","American","USA",,,,,
"A3ELD23VP27XJ6","nahmias2007_v1","30H4UDGLT2J7OUK4S0L5WAYH7JEMPC",,,,,"Female","No","Some college or university","No"," I have never taken any philosophy course"
"AM5FDAXM94Y45","nahmias2007_v1","3PXX5PX6LXZ4IZA5CSDZSZYSWYBBAX",,,,,"Female","No","College or university degree","Yes","I have taken more than 2 philosophy courses, but philosophy is (or was) not the discipline I was (am) trained in"
"A2YW35WSBU88O0","nahmias2007_v1","3NPI0JQDAO6B1PAO1XMHIOT91R9PTF","27","english","american ","USA",,,,,
"A1KRYIRDA2OOWC","nahmias2007_v1","3QJOXOW4XJS3R3VEJM5U2YZDTCDEMK","43","English","United States ","United States",,,,,
"A36793QL7HS6JB","nahmias2007_v1","3LJ7UR74RHERHJJL6H8H6RCMLDSN4M",,,,,"Female","No","College or university degree","Yes","I have taken 1 or 2 philosophy courses"
"A2YW35WSBU88O0","nahmias2007_v1","3NPI0JQDAO6B1PAO1XMHIOT91R9PTF",,,,,"Female","Yes","College or university degree","No"," I have never taken any philosophy course"
"A1KRYIRDA2OOWC","nahmias2007_v1","3QJOXOW4XJS3R3VEJM5U2YZDTCDEMK",,,,,"Male","Yes","Graduate degree, Masters","Yes","I have taken 1 or 2 philosophy courses"
"A2X2OS8NNDMJY0","nahmias2007_v1","3ND9UOO81K3D2LZK4AYLORRO0BSLW5","33","English","USA","USA",,,,,
"AMNMG3DCCC166","nahmias2007_v1","3MH9DQ757WDKOPWEYJM4TB1JJETGUT","44","english","non hispanic white","usa",,,,,
"A2X2OS8NNDMJY0","nahmias2007_v1","3ND9UOO81K3D2LZK4AYLORRO0BSLW5",,,,,"Male","No","PhD","Yes","I have taken more than 2 philosophy courses, but philosophy is (or was) not the discipline I was (am) trained in"
"AMNMG3DCCC166","nahmias2007_v1","3MH9DQ757WDKOPWEYJM4TB1JJETGUT",,,,,"Female","No","Some college or university","No"," I have never taken any philosophy course"
"A1HBIE5LRTQK1L","nahmias2007_v1","3UN61F00HWQUS0FDDT88K3NAM6DR5K","48","English","American","The United States of America",,,,,
"A26RO8GGTQAXGG","nahmias2007_v1","3K4J6M3CXEU09GIGSE5DTAPPCB3AGD","54","english","usa","usa",,,,,
"A1HBIE5LRTQK1L","nahmias2007_v1","3UN61F00HWQUS0FDDT88K3NAM6DR5K",,,,,"Male","No","High school","No"," I have never taken any philosophy course"
"A5TMU62U5FE5K","nahmias2007_v1","3NXNZ5RS1AY3B4XA75NJR21C7Q297U","62","English","U.S.A.","U.S.A.",,,,,
"A26RO8GGTQAXGG","nahmias2007_v1","3K4J6M3CXEU09GIGSE5DTAPPCB3AGD",,,,,"Female","No","College or university degree","No"," I have never taken any philosophy course"
"A2U3723LKNMHAI","nahmias2007_v1","304SM51WA358IVWZTSZQDZSYI4IBST","64","English","American","United States of America",,,,,
"A5TMU62U5FE5K","nahmias2007_v1","3NXNZ5RS1AY3B4XA75NJR21C7Q297U",,,,,"Male","No","Graduate degree, Masters","Yes","I have taken more than 2 philosophy courses, but philosophy is (or was) not the discipline I was (am) trained in"
"A2U3723LKNMHAI","nahmias2007_v1","304SM51WA358IVWZTSZQDZSYI4IBST",,,,,"Female","No","College or university degree","Yes","Philosophy is the discipline I am trained in, and I have an undergraduate degree in philosophy"
"A87D3K9YVKTQ7","nahmias2007_v1","3AMW0RGHOD3D6C5441059PNHC9NNPC","35","English","Caucasian","USA",,,,,
"A87D3K9YVKTQ7","nahmias2007_v1","3AMW0RGHOD3D6C5441059PNHC9NNPC",,,,,"Female","No","College or university degree","No"," I have never taken any philosophy course"
"AAASQIW3J32OL","nahmias2007_v1","35L9RVQFCOJYOLRPIP4MEBDKYE7HUU","57","English","American","USA",,,,,
"A1IMU6GWPN1Y9D","nahmias2007_v1","3VJ40NV2QIOTGPYNMX92TOOJRMFTO4","32","english","American","United States of America",,,,,
"AAASQIW3J32OL","nahmias2007_v1","35L9RVQFCOJYOLRPIP4MEBDKYE7HUU",,,,,"Female","No","College or university degree","Yes","I have taken more than 2 philosophy courses, but philosophy is (or was) not the discipline I was (am) trained in"
"A2B1YSMEHN1G2K","nahmias2007_v1","3LOZAJ85YDEMQZI249C2BE6M3D6X2K","24","English","Caucasian","USA",,,,,
"A2B1YSMEHN1G2K","nahmias2007_v1","3LOZAJ85YDEMQZI249C2BE6M3D6X2K",,,,,"Female","No","High school","No"," I have never taken any philosophy course"
"A3UKJY9A2AIB0B","nahmias2007_v1","3T111IHZ5ERDTNHPGJLPWJSC82W9RT","41","english","american","united states",,,,,
"A1IMU6GWPN1Y9D","nahmias2007_v1","3VJ40NV2QIOTGPYNMX92TOOJRMFTO4",,,,,"Male","Yes","Some college or university","Yes","I have taken 1 or 2 philosophy courses"
"A57D4ZAK8NKWS","nahmias2007_v1","3SKRO2GZ71S9HE1ZMMXZG1OFFYEK12","38","english","american","usa",,,,,
"A3UKJY9A2AIB0B","nahmias2007_v1","3T111IHZ5ERDTNHPGJLPWJSC82W9RT",,,,,"Male","No","College or university degree","No"," I have never taken any philosophy course"
"A57D4ZAK8NKWS","nahmias2007_v1","3SKRO2GZ71S9HE1ZMMXZG1OFFYEK12",,,,,"Male","No","College or university degree","No"," I have never taken any philosophy course"
"A2C84POENS2UNY","nahmias2007_v1","3E1QT0TDFPA0MJVWL4L2IVWA10T8IX","36","english","american","usa",,,,,
"A2C84POENS2UNY","nahmias2007_v1","3E1QT0TDFPA0MJVWL4L2IVWA10T8IX",,,,,"Female","Yes","Graduate degree, Masters","Yes","I have taken 1 or 2 philosophy courses"
"ASY5RV4HJQ72C","nahmias2007_v1","37TD41K0AHARS0O57SVLOJYG0PISCH","39","english","american","usa",,,,,
"ASY5RV4HJQ72C","nahmias2007_v1","37TD41K0AHARS0O57SVLOJYG0PISCH",,,,,"Female","No","College or university degree","No"," I have never taken any philosophy course"
"A24Y2V3AI87MP2","nahmias2007_v1","37Q970SNZE975XE7RV617NFPWSRS1R","25","English","American","USA",,,,,
"AMYYL67LDKPDA","nahmias2007_v1","31QTRG6Q2TE7IB9IB39GQ5LOGTSPY5","38","English","American","USA",,,,,
"AMYYL67LDKPDA","nahmias2007_v1","31QTRG6Q2TE7IB9IB39GQ5LOGTSPY5",,,,,"Male","No","College or university degree","Yes","I have taken 1 or 2 philosophy courses"
"A1NPQNVXPWACT7","nahmias2007_v1","3ERMJ6L4DYTIIOG4WEROWO7W7P9M76","30","english","american","united states",,,,,
"A24Y2V3AI87MP2","nahmias2007_v1","37Q970SNZE975XE7RV617NFPWSRS1R",,,,,"Male","No","College or university degree","Yes","I have taken 1 or 2 philosophy courses"
"A1KVYO86HJH01S","nahmias2007_v1","3TXD01ZLD4I4C93U3IK3KM4GT9MU4M","43","English","US citizen","United States",,,,,
"A3Q26DBIIPCOV7","nahmias2007_v1","3LUY3GC63Z1O3RDHOUJGDS1RCUKP75","36","English","American ","US",,,,,
"A39ROW50DWRRKT","nahmias2007_v1","3U5NZHP4LR3LWGJT135S45QLQXGHPZ","34","English","American","USA",,,,,
"A1NPQNVXPWACT7","nahmias2007_v1","3ERMJ6L4DYTIIOG4WEROWO7W7P9M76",,,,,"Female","No","PhD","Yes"," I have a PhD in philosophy"
"A2TNWZG1BJRGNM","nahmias2007_v1","3QRYMNZ7FYIBY4YBLI9PEZOE1C8NTH","39","English","Asian American","United States",,,,,
"A39ROW50DWRRKT","nahmias2007_v1","3U5NZHP4LR3LWGJT135S45QLQXGHPZ",,,,,"Male","No","Some college or university","Yes","I have taken 1 or 2 philosophy courses"
"A1KVYO86HJH01S","nahmias2007_v1","3TXD01ZLD4I4C93U3IK3KM4GT9MU4M",,,,,"Female","No","Some college or university","Yes","I have taken 1 or 2 philosophy courses"
"A2TNWZG1BJRGNM","nahmias2007_v1","3QRYMNZ7FYIBY4YBLI9PEZOE1C8NTH",,,,,"Female","No","High school","No"," I have never taken any philosophy course"
"A3Q26DBIIPCOV7","nahmias2007_v1","3LUY3GC63Z1O3RDHOUJGDS1RCUKP75",,,,,"Female","No","High school","No"," I have never taken any philosophy course"
"A20NJGHYKL73LC","nahmias2007_v1","3QUO65DNQUP8G2DCM2ZCYKALA0MUOW","42","English","American","USA",,,,,
"A3B9OZQTE4US3T","nahmias2007_v1","3NGMS9VZTLJPR73TSALNPQ048CGFFW","39","engliah","American ","USA",,,,,
"A3B9OZQTE4US3T","nahmias2007_v1","3NGMS9VZTLJPR73TSALNPQ048CGFFW",,,,,"Male","No","College or university degree","No"," I have never taken any philosophy course"
"A20NJGHYKL73LC","nahmias2007_v1","3QUO65DNQUP8G2DCM2ZCYKALA0MUOW",,,,,"Female","No","College or university degree","Yes","I have taken more than 2 philosophy courses, but philosophy is (or was) not the discipline I was (am) trained in"
"A2474XJDNDK1A0","nahmias2007_v1","3HWRJOOET536PY8J3J1GE7YJL1VSEA","38","English","American","USA",,,,,
"A2474XJDNDK1A0","nahmias2007_v1","3HWRJOOET536PY8J3J1GE7YJL1VSEA",,,,,"Female","Yes","College or university degree","No"," I have never taken any philosophy course"
"A39C2BMV7KZ02W","nahmias2007_v1","3J4Q2Z4UTY4OTIFXWF6H5DQIAHFWQ5","36","English","American","USA",,,,,
"A237SO0Y2E3XFT","nahmias2007_v1","3LQ8PUHQFLTTFUWPO8F8V8P94JLHIN","30","english","African american","USA",,,,,
"A39C2BMV7KZ02W","nahmias2007_v1","3J4Q2Z4UTY4OTIFXWF6H5DQIAHFWQ5",,,,,"Male","No","Graduate degree, Masters","Yes","I have taken 1 or 2 philosophy courses"
"A237SO0Y2E3XFT","nahmias2007_v1","3LQ8PUHQFLTTFUWPO8F8V8P94JLHIN",,,,,"Female","No","Some college or university","Yes","I have taken 1 or 2 philosophy courses"
"A8HSPSD88CUTS","nahmias2007_v1","3J4Q2Z4UTY4OTIFXWF6H5DQIAHDQWX","29","english","american","United States",,,,,
"A8HSPSD88CUTS","nahmias2007_v1","3J4Q2Z4UTY4OTIFXWF6H5DQIAHDQWX",,,,,"Male","No","Some college or university","No"," I have never taken any philosophy course"
"AQ53YJDPDDLZ","nahmias2007_v1","3Z2R0DQ0JHFDKZRL94MANPLFN7VE2S","37","English","US","US",,,,,
"AQ53YJDPDDLZ","nahmias2007_v1","3Z2R0DQ0JHFDKZRL94MANPLFN7VE2S",,,,,"Male","No","College or university degree","No"," I have never taken any philosophy course"
"A2ED8KOPSAJRUB","nahmias2007_v1","3TYCR1GOTCKHWG4PFXISNVL6HDWZL9","32","English","American","United States",,,,,
"A2ED8KOPSAJRUB","nahmias2007_v1","3TYCR1GOTCKHWG4PFXISNVL6HDWZL9",,,,,"Male","No","College or university degree","Yes","I have taken 1 or 2 philosophy courses"
"A3SQUS8GXNTCSU","nahmias2007_v1","3IOEN3P9S7K2IZGAKI3Y6IJXE3S16C","41","English","American","USA",,,,,
"A3SQUS8GXNTCSU","nahmias2007_v1","3IOEN3P9S7K2IZGAKI3Y6IJXE3S16C",,,,,"Male","No","Graduate degree, Masters","No"," I have never taken any philosophy course"
"A2A4S9LCF1R181","nahmias2007_v1","3SNLUL3WO4O0AHAF9AJK636RFVHULF","30","english","american","usa",,,,,
"A3NUYAG56BPYBB","nahmias2007_v1","3C44YUNSI1Q4K0ERF7M2DKBNY5NPDY","38","english","american","usa",,,,,
"A3NUYAG56BPYBB","nahmias2007_v1","3C44YUNSI1Q4K0ERF7M2DKBNY5NPDY",,,,,"Female","No","College or university degree","No"," I have never taken any philosophy course"
"A1KBDB4QJKCOF9","nahmias2007_v1","3PEIJLRY6TU82FG9IT19ZLMB7K2WX2","33","English","USA","USA",,,,,
"A2A4S9LCF1R181","nahmias2007_v1","3SNLUL3WO4O0AHAF9AJK636RFVHULF",,,,,"Female","No","College or university degree","No"," I have never taken any philosophy course"
"A1KBDB4QJKCOF9","nahmias2007_v1","3PEIJLRY6TU82FG9IT19ZLMB7K2WX2",,,,,"Female","No","Some college or university","No"," I have never taken any philosophy course"
"A8TIL9U6YHG5","nahmias2007_v1","3LS2AMNW5FRGO96V5TF7OJDW7FGOQL","30","english","american","USA",,,,,
"A1FJKYOF7F7AQF","nahmias2007_v1","3IUZPWIU1O82IFH2JAMK9RE9BBNWKD","52","english","American","USA",,,,,
"A1CV18U5EVA5NV","nahmias2007_v1","3Y54SXRO1LMOTUIKIJLBSUG8983UTI","68","English","African","U.S.",,,,,
"A8TIL9U6YHG5","nahmias2007_v1","3LS2AMNW5FRGO96V5TF7OJDW7FGOQL",,,,,"Male","Yes","College or university degree","Yes","I have taken 1 or 2 philosophy courses"
"A2OSXVGQUR6IL6","nahmias2007_v1","39GHHAVOMFSVYTS0RJGPDKV5CTP4J1","43","English","American","USA",,,,,
"AXB86SVXU5SEG","nahmias2007_v1","33PPUNGG386SZEZ2KHFO97U5N5LZRZ","36","English","American","United States of America",,,,,
"A2OSXVGQUR6IL6","nahmias2007_v1","39GHHAVOMFSVYTS0RJGPDKV5CTP4J1",,,,,"Male","No","Some college or university","Yes","I have taken 1 or 2 philosophy courses"
"A1FJKYOF7F7AQF","nahmias2007_v1","3IUZPWIU1O82IFH2JAMK9RE9BBNWKD",,,,,"Female","No","College or university degree","No"," I have never taken any philosophy course"
"ALOYY3E72AQ1K
","nahmias2007_v1","3TVRFO09GKGSRL4AEFU7QA5V9DYXLA","42","English","American","USA",,,,,
"A1CV18U5EVA5NV","nahmias2007_v1","3Y54SXRO1LMOTUIKIJLBSUG8983UTI",,,,,"Male","Yes","Some college or university","No"," I have never taken any philosophy course"
"AXB86SVXU5SEG","nahmias2007_v1","33PPUNGG386SZEZ2KHFO97U5N5LZRZ",,,,,"Female","No","Graduate degree, Masters","Yes","I have taken 1 or 2 philosophy courses"
"ALOYY3E72AQ1K
","nahmias2007_v1","3TVRFO09GKGSRL4AEFU7QA5V9DYXLA",,,,,"Female","No","College or university degree","No"," I have never taken any philosophy course"
"A1XB03X4J35ATE","nahmias2007_v1","3SEPORI8WN000XDLI6T2EH5VN1XZAR","33","english","white","USA",,,,,
"A1SIUJEL2LS8UO","nahmias2007_v1","3S0TNUHWKTJJE8FATQKRRYGX9VND82","28","english","american","united states",,,,,
"A3A7C1IXKODNNJ","nahmias2007_v1","30ZX6P7VF8WLVFDDN5X1K5Y7SFT2J3","28","English","American","USA",,,,,
"A1XB03X4J35ATE","nahmias2007_v1","3SEPORI8WN000XDLI6T2EH5VN1XZAR",,,,,"Female","No","College or university degree","Yes","I have taken 1 or 2 philosophy courses"
"A3A7C1IXKODNNJ","nahmias2007_v1","30ZX6P7VF8WLVFDDN5X1K5Y7SFT2J3",,,,,"Male","Yes","College or university degree","Yes","I have taken 1 or 2 philosophy courses"
"A98E8M4QLI9RS
A98E8M4QLI9RS","nahmias2007_v1","3MH9DQ757WDKOPWEYJM4TB1JJEVUG9","50","English","American","United States",,,,,
"A1SIUJEL2LS8UO","nahmias2007_v1","3S0TNUHWKTJJE8FATQKRRYGX9VND82",,,,,"Male","No","College or university degree","Yes","I have taken more than 2 philosophy courses, but philosophy is (or was) not the discipline I was (am) trained in"
"A98E8M4QLI9RS
A98E8M4QLI9RS","nahmias2007_v1","3MH9DQ757WDKOPWEYJM4TB1JJEVUG9",,,,,"Female","No","Some college or university","No"," I have never taken any philosophy course"
"A2QUXO9OJY69QM","nahmias2007_v1","3P529IW9KYMBRZDPELOLK35O583FL2","31","english","US","US",,,,,
"A2H0P2FI0JD5Y0","nahmias2007_v1","3G0WWMR1UVLY6O6J4EFU9UDRH5BNQ5","49","English","usa","usa",,,,,
"A2QUXO9OJY69QM","nahmias2007_v1","3P529IW9KYMBRZDPELOLK35O583FL2",,,,,"Male","No","College or university degree","Yes","I have taken 1 or 2 philosophy courses"
"A2H0P2FI0JD5Y0","nahmias2007_v1","3G0WWMR1UVLY6O6J4EFU9UDRH5BNQ5",,,,,"Male","No","Graduate degree, Masters","Yes","I have taken 1 or 2 philosophy courses"
"A63QNYB26OEZN","nahmias2007_v1","3F6HPJW4JD171ZDCU4GG9VSFUB22WY","30","English","American","USA",,,,,
"A2X27TXN39UJH8","nahmias2007_v1","3TGOYF991XN3T7X9IOBLXQ2ASMAUU9","57","ENGLISH","AMERICAN","USA",,,,,
"A63QNYB26OEZN","nahmias2007_v1","3F6HPJW4JD171ZDCU4GG9VSFUB22WY",,,,,"Female","No","Some college or university","No"," I have never taken any philosophy course"
"A3QUWIT972BYUH","nahmias2007_v1","3K9FOBBF2HKNFRQ6C97YS8EX7ZNNLF","53","English","American","USA",,,,,
"A2X27TXN39UJH8","nahmias2007_v1","3TGOYF991XN3T7X9IOBLXQ2ASMAUU9",,,,,"Female","No","College or university degree","No"," I have never taken any philosophy course"
"A3QUWIT972BYUH","nahmias2007_v1","3K9FOBBF2HKNFRQ6C97YS8EX7ZNNLF",,,,,"Female","No","Graduate degree, Masters","Yes","I have taken 1 or 2 philosophy courses"
"A3R0TIQBS9FK5Y","nahmias2007_v1","3U0SRXB7CD6YIPLJHT4UEKNWDRDNR6","22","English","American","United States",,,,,
"ANYY4NTDXOI4P","nahmias2007_v1","33CKWXB73JL7BDFDECRHBMSG6SF11H","28","English","USA","USA",,,,,
"A33UMG50QSJ7KS","nahmias2007_v1","39GXDJN2OTF58PFWKBKLXKM492RV8J","27","English","USA","USA",,,,,
"A3R0TIQBS9FK5Y","nahmias2007_v1","3U0SRXB7CD6YIPLJHT4UEKNWDRDNR6",,,,,"Male","Yes","Some college or university","Yes","I have taken 1 or 2 philosophy courses"
"ANYY4NTDXOI4P","nahmias2007_v1","33CKWXB73JL7BDFDECRHBMSG6SF11H",,,,,"Male","No","College or university degree","Yes","I have taken 1 or 2 philosophy courses"
"A1LHSOH23WKNJI","nahmias2007_v1","3WETL7AQWT929YUB237C25KUGSY35T","23","English","USA","USA",,,,,
"APNTEGPF7QZQI","nahmias2007_v1","3DHE4R9OCWCB4DNCFZCYNS6R0NCG2D","59","English","American","USA",,,,,
"A1LHSOH23WKNJI","nahmias2007_v1","3WETL7AQWT929YUB237C25KUGSY35T",,,,,"Female","No","High school","No"," I have never taken any philosophy course"
"APNTEGPF7QZQI","nahmias2007_v1","3DHE4R9OCWCB4DNCFZCYNS6R0NCG2D",,,,,"Female","No","College or university degree","No"," I have never taken any philosophy course"
"A33UMG50QSJ7KS","nahmias2007_v1","39GXDJN2OTF58PFWKBKLXKM492RV8J",,,,,"Female","No","College or university degree","Yes","I have taken 1 or 2 philosophy courses"
"A3J2LMQJVUBRQW","nahmias2007_v1","3TPWUS5F892KZH5ERX5ML81162FCWH","23","english","Italian German","USA",,,,,
"A202FBLB25LZC8","nahmias2007_v1","31Z0PCVWUKGMVJ6O5BS0I22O1X5T7E","40","English","American","United States",,,,,
"A3J1Y0YQBOKDTR","nahmias2007_v1","3X4JMASXCMA8HMCNKQG63TMFNC0B07","27","english","american","USA",,,,,
"A3J2LMQJVUBRQW","nahmias2007_v1","3TPWUS5F892KZH5ERX5ML81162FCWH",,,,,"Male","No","High school","No"," I have never taken any philosophy course"
"A202FBLB25LZC8","nahmias2007_v1","31Z0PCVWUKGMVJ6O5BS0I22O1X5T7E",,,,,"Female","No","High school","No"," I have never taken any philosophy course"
"A3B094AH9T6G0Y","nahmias2007_v1","3VNL7UK1XFKZACLUNUQC6UF5ZLPFT5","37","English","White","United States",,,,,
"A3J1Y0YQBOKDTR","nahmias2007_v1","3X4JMASXCMA8HMCNKQG63TMFNC0B07",,,,,"Female","Yes","Some college or university","Yes","I have taken 1 or 2 philosophy courses"
"A3B094AH9T6G0Y","nahmias2007_v1","3VNL7UK1XFKZACLUNUQC6UF5ZLPFT5",,,,,"Female","Yes","Some college or university","No"," I have never taken any philosophy course"
"A2TG5L8IW5V4QT","nahmias2007_v1","3VELCLL3GKKY1S9LLB620OWA72Y1FI","33","English","American","USA",,,,,
"AR4UI9K92BUT3","nahmias2007_v1","3RU7GD8VPOUAMPX9CXHR8JXNZ8XSPV","67","English","American","USA",,,,,
"A2TG5L8IW5V4QT","nahmias2007_v1","3VELCLL3GKKY1S9LLB620OWA72Y1FI",,,,,"Female","No","College or university degree","Yes","I have taken 1 or 2 philosophy courses"
"A3IU3AM5R758U7","nahmias2007_v1","3JWH6J9I9SEB2I4ULWI4E5ISV5ANBT","35","English","American (USA)","USA",,,,,
"A27LCUA35LPVM8","nahmias2007_v1","3M1CVSFP606RM5CUVAAPNOTRIYCQAO","40","English","USA","USA",,,,,
"A3IU3AM5R758U7","nahmias2007_v1","3JWH6J9I9SEB2I4ULWI4E5ISV5ANBT",,,,,"Male","No","Some college or university","Yes","I have taken 1 or 2 philosophy courses"
"A27LCUA35LPVM8","nahmias2007_v1","3M1CVSFP606RM5CUVAAPNOTRIYCQAO",,,,,"Male","No","College or university degree","No"," I have never taken any philosophy course"
"AR4UI9K92BUT3","nahmias2007_v1","3RU7GD8VPOUAMPX9CXHR8JXNZ8XSPV",,,,,"Female","No","College or university degree","No"," I have never taken any philosophy course"
"A2S70WW1VAPKK8","nahmias2007_v1","3B2X28YI3WG3VXY2MFWNCUW60FMB68","30","English","Caucasian","United States",,,,,
"a2zx7580nvwa61","nahmias2007_v1","3Q5C1WP23M26ZVGWFZTTEC5XI8K513","40","English","US","US",,,,,
"A2S70WW1VAPKK8","nahmias2007_v1","3B2X28YI3WG3VXY2MFWNCUW60FMB68",,,,,"Female","No","Some college or university","No"," I have never taken any philosophy course"
"a2zx7580nvwa61","nahmias2007_v1","3Q5C1WP23M26ZVGWFZTTEC5XI8K513",,,,,"Female","No","College or university degree","Yes","I have taken 1 or 2 philosophy courses"
"A1MJX6Q6BTWA6
","nahmias2007_v1","3H7Z272LX78NIC2JSOKQWXJS7EOPLD","49","English","American","USA",,,,,
"A2SY4E7MRC15MM","nahmias2007_v1","3N1FSUEFL51IV7S8HNUEAM0S79S4DN","39","English","Caucasian American","USA",,,,,
"A1MJX6Q6BTWA6
","nahmias2007_v1","3H7Z272LX78NIC2JSOKQWXJS7EOPLD",,,,,"Female","No","College or university degree","No"," I have never taken any philosophy course"
"A2SY4E7MRC15MM","nahmias2007_v1","3N1FSUEFL51IV7S8HNUEAM0S79S4DN",,,,,"Male","No","Some college or university","Yes","I have taken 1 or 2 philosophy courses"
"A1HNNX44U3OF0X","nahmias2007_v1","30LB5CDZNCB4ZKF3Q4W9PBTIEFM0Z2","45","english","US","US",,,,,
"A1HNNX44U3OF0X","nahmias2007_v1","30LB5CDZNCB4ZKF3Q4W9PBTIEFM0Z2",,,,,"Female","No","College or university degree","Yes","I have taken 1 or 2 philosophy courses"
"A24XBVPC9MYJVX
","nahmias2007_v1","33ISQZVXPPNBLJZ9A65L9EUYEMXCC8","51","English","American","United States",,,,,
"A3329CH71VMUBQ","nahmias2007_v1","3HWRJOOET536PY8J3J1GE7YJL1WESX","36","ENGLISH","AMERICAN","USA",,,,,
"A24XBVPC9MYJVX
","nahmias2007_v1","33ISQZVXPPNBLJZ9A65L9EUYEMXCC8",,,,,"Female","No","Graduate degree, Masters","Yes","I have taken 1 or 2 philosophy courses"
"A3329CH71VMUBQ","nahmias2007_v1","3HWRJOOET536PY8J3J1GE7YJL1WESX",,,,,"Male","No","High school","No"," I have never taken any philosophy course"
"AELOYBHVZFDW9","nahmias2007_v1","3LUY3GC63Z1O3RDHOUJGDS1RCUL7PO","56","english","american","usa",,,,,
"A2NL38BFEE3BVY
","nahmias2007_v1","35USIKEBNRH5W6NZP51W3PW0H4Z6NR","52","English","USA","USA",,,,,
"A305KD2HBUUCMQ","nahmias2007_v1","3SKEMFQBZ36RSELKL76EVBBNT4L8KB","28","English","USA","New York",,,,,
"AELOYBHVZFDW9","nahmias2007_v1","3LUY3GC63Z1O3RDHOUJGDS1RCUL7PO",,,,,"Male","No","College or university degree","No"," I have never taken any philosophy course"
"A305KD2HBUUCMQ","nahmias2007_v1","3SKEMFQBZ36RSELKL76EVBBNT4L8KB",,,,,"Male","Yes","College or university degree","Yes","I have taken more than 2 philosophy courses, but philosophy is (or was) not the discipline I was (am) trained in"
"A2NL38BFEE3BVY
","nahmias2007_v1","35USIKEBNRH5W6NZP51W3PW0H4Z6NR",,,,,"Male","No","Some college or university","Yes","I have taken 1 or 2 philosophy courses"
"A163J5TEJBO43B","nahmias2007_v1","3LYA37P8IQOAUCJROJQOMD1O1A5KBL","40","English","American","USA",,,,,
"A163J5TEJBO43B","nahmias2007_v1","3LYA37P8IQOAUCJROJQOMD1O1A5KBL",,,,,"Female","No","High school","No"," I have never taken any philosophy course"
"A3P5WIW36V70AI","nahmias2007_v1","3NS0A6KXC491AOQO46LCA3GYLWAZG3","44","english","american ","united states",,,,,
"A6ZAKE3FP8YKY","nahmias2007_v1","3LJ7UR74RHERHJJL6H8H6RCMLDV4N6","28","English","USA","USA",,,,,
"A3P5WIW36V70AI","nahmias2007_v1","3NS0A6KXC491AOQO46LCA3GYLWAZG3",,,,,"Male","No","High school","No"," I have never taken any philosophy course"
"A6ZAKE3FP8YKY","nahmias2007_v1","3LJ7UR74RHERHJJL6H8H6RCMLDV4N6",,,,,"Male","No","Graduate degree, Masters","No"," I have never taken any philosophy course"
"A2MPCT1O95PVL9","nahmias2007_v1","3T3IWE1XG6OW11B31A16ITJJ6NYQTA","28","english","american","usa",,,,,
"A2MPCT1O95PVL9","nahmias2007_v1","3T3IWE1XG6OW11B31A16ITJJ6NYQTA",,,,,"Female","No","High school","No"," I have never taken any philosophy course"
"A20EU0UH5K3VGE","nahmias2007_v1","39GAF6DQWR1NXPVBLQB6IAZWVWM1V6","53","English","US","US",,,,,
"ADHWRZIW3GIVU","nahmias2007_v1","38SKSKU7R1YV1QFFFTU6N0IGL0VILW","35","English","American","United States",,,,,
"A20EU0UH5K3VGE","nahmias2007_v1","39GAF6DQWR1NXPVBLQB6IAZWVWM1V6",,,,,"Female","No","Some college or university","No"," I have never taken any philosophy course"
"ADHWRZIW3GIVU","nahmias2007_v1","38SKSKU7R1YV1QFFFTU6N0IGL0VILW",,,,,"Male","No","High school","No"," I have never taken any philosophy course"
"AWF9NK7QCH0R1","nahmias2007_v1","3ERET4BTVMAR6J4UQZCSV76YDA3K9C","30","English","American","USA",,,,,
"AWF9NK7QCH0R1","nahmias2007_v1","3ERET4BTVMAR6J4UQZCSV76YDA3K9C",,,,,"Female","No","College or university degree","No"," I have never taken any philosophy course"
"A23XJ8I86R0O3B
A23XJ8I86R0O3B
A23XJ8I86R0O3B
A23XJ8186R0O3B","nahmias2007_v1","3RWE2M8QWHBAIV1KNGLFUOM941DN07","53","ENGLISH","AMERICAN","USA",,,,,
"A23XJ8I86R0O3B
A23XJ8I86R0O3B
A23XJ8I86R0O3B
A23XJ8186R0O3B","nahmias2007_v1","3RWE2M8QWHBAIV1KNGLFUOM941DN07",,,,,"Female","No","High school","No"," I have never taken any philosophy course"
"AOOGCOBAZBWJ2","nahmias2007_v1","3AMYWKA6YBNNERNBQK19IEW57E5O6P","67","english","usa","usa",,,,,
"AUG2YR37BY9BK","nahmias2007_v1","3A1COHJ8NJW0QOKCFM3HIJVV1NHH8G","28","english","usa","usa",,,,,
"AUG2YR37BY9BK","nahmias2007_v1","3A1COHJ8NJW0QOKCFM3HIJVV1NHH8G",,,,,"Female","No","College or university degree","No"," I have never taken any philosophy course"
"AOOGCOBAZBWJ2","nahmias2007_v1","3AMYWKA6YBNNERNBQK19IEW57E5O6P",,,,,"Male","No","Some college or university","Yes","I have taken 1 or 2 philosophy courses"
"ADXHWQLUQBK77","nahmias2007_v1","33M4IA01QG23UJZNJZR3CMEUF5ORXV","64","English","United States","United Sttes",,,,,
"ADXHWQLUQBK77","nahmias2007_v1","33M4IA01QG23UJZNJZR3CMEUF5ORXV",,,,,"Male","No","Some college or university","Yes","I have taken 1 or 2 philosophy courses"
